interview,dim,question,type,excerpt,paraphrase,ts,keywords,maturity,alignment,confidence
ENT-001-ENT-002,1.1.1,PUB1,percepcao,"[participante 1]: «é algo inicial, né? [A liderança do Executivo] entrou agora, esse é o segundo ano do mandato dele, ele veio muito com essa ideia de sustentabilidade, de clima.»","A incorporação da pauta climática é descrita como inicial e atribuída à entrada da atual liderança do Executivo, não a um instrumento de política. Não há referência a plano, lei ou programa climático anterior — a agenda existe como orientação de gabinete.",00:14:25,clima|sustentabilidade,em_elaboracao,convergente,alta
ENT-001-ENT-002,1.1.5,PUB2,percepcao,"[participante 1]: «o que a gente vê aqui em Maringá que sempre tem é muita queda de árvore (…) alagamentos em alguns pontos da cidade, drenagem (…) veio chuva, veio o vento, é normal acontecer. Então isso acontece constantemente.»","O risco climático é lido por recorrência de ocorrência — vento, chuva, queda de árvore, alagamento — e não por avaliação estruturada. O participante remete explicitamente a avaliação técnica às secretarias de infraestrutura e à Defesa Civil, o que limita a confiança desta evidência sobre a existência do instrumento.",00:17:58,alagamento|risco climatico|vulnerabilidade|evento extremo,em_elaboracao,complementar,baixa
ENT-001-ENT-002,1.1.7,PUB4,lacuna,"[participante 1]: «tem sim indicadores, nós temos um plano de metas (…) quem cuida é o [instituto de planejamento] (…) É geral, é geral, com certeza envolve essa questão climática, mas não é específico para isso.»","Existe plano de metas municipal com acompanhamento periódico de percentual de execução, mas nenhum indicador climático próprio. O monitoramento da ação climática não tem instrumento dedicado: depende de leitura indireta de metas setoriais gerais.",00:23:24,indicador de adaptacao|monitoramento|acompanhamento de metas,inexistente,convergente,alta
ENT-001-ENT-002,1.2.1,PUB8,declaracao,"[participante 1]: «Tem o [órgão ambiental municipal], que cuida dessa parte climática. Essa questão de drenagem, de bueiro, aí quem cuida é a [secretaria de infraestrutura] e a [limpeza urbana]. Se vai ter um projeto, uma obra nova, é a [secretaria de obras].»",As responsabilidades setoriais são claras e prontamente identificadas por um servidor de área-meio — o que indica desenho institucional legível. O que não existe é competência climática transversal: cada órgão responde por um fragmento e nenhum responde pelo conjunto.,00:35:20,competencia|atribuicao|responsabilidade institucional|quem responde,em_implementacao,convergente,alta
ENT-001-ENT-002,1.2.2,PUB10,declaracao,"[participante 1]: «a equipe tá muito reduzida (…) acho que projetos, recurso pra gente dar de contrapartida e servidores também mais capacitados, mais comprometidos com o processo.»","Top-3 de barreiras declarado: maturidade de projetos, recurso para contrapartida e capacidade de pessoal. A capacidade institucional aparece de novo como restrição de primeira ordem, convergindo com ENT-003, que a nomeou como barreira número um.",00:44:21,capacidade institucional|servidores|equipe tecnica|capacitacao|falta de pessoal,inexistente,convergente,alta
ENT-001-ENT-002,1.2.2,PUB10,declaracao,"[participante 2]: «é necessário ter o responsável por isso ou o núcleo responsável, a equipe responsável por isso, porque quando você solta, então ninguém fica responsável, ninguém assume, mesmo sendo secretário da pasta. Acaba ficando muito solto.»","Diagnóstico interno de que a atribuição difusa dissolve a responsabilidade, mesmo em nível de secretário. O participante propõe um núcleo dedicado com aval do Chefe do Executivo — isto é, reconhece que a coordenação hoje depende de autoridade pessoal, não de estrutura.",00:51:15,capacidade institucional|equipe tecnica|responsabilidade institucional,inexistente,convergente,alta
ENT-001-ENT-002,2.1.2,PUB7,declaracao,"[participante 1]: «a gente tá sempre acompanhando a plataforma Transfer GOV, que é do governo federal, sempre dando uma atenção especial pro Ministério do Meio Ambiente, ver se tem algum recurso disponível pra gente poder participar.»","Monitoramento ativo e rotinizado de fontes federais, com filtro temático ambiental já incorporado à rotina de captação. É a condição habilitante mais consolidada que a entrevista revela — e ela é de processo, não de política.",00:15:36,recurso federal|convenio|transferencia|emenda,em_implementacao,convergente,alta
ENT-001-ENT-002,2.1.3,PUB7,declaracao,"[participante 2]: «Maringá tem excelente capacidade de pagamento, né, e também tem, consequentemente, esse aval da União, que é necessário para esses recursos internacionais (…) apesar que eu não tenho a capacidade técnica de levar adiante, né, no caso de pleitear um recurso internacional.»","Os pré-requisitos formais de acesso a fonte internacional — capacidade de pagamento e aval da União — estão presentes; a capacidade técnica de operar o pleito não está. A restrição é de know-how, não de elegibilidade, o que a torna endereçável por assistência técnica.",00:45:19,fundo climatico internacional|cooperacao internacional|aval da Uniao,em_elaboracao,isolada,alta
ENT-001-ENT-002,2.1.3,PUB7,lacuna,"[participante 1]: «eu tô aqui desde 2009 e a gente não teve captação de recurso internacional. Acho que teve uma operação de crédito com BID, mas (…) a equipe que na época cuidou disso não tá mais. Então assim, nós não temos esse conhecimento, essa facilidade de lidar com recursos internacionais (…) como que vai ser gerir tudo isso em dólar, se nós temos dificuldade no real?»","Nenhuma captação internacional em dezessete anos, e o único precedente — uma operação com banco multilateral — não deixou capacidade instalada: perdeu-se com a saída da equipe. É a mesma falha de institucionalização observada em ENT-003 na parceria científica: a condição existiu na prática e não sobreviveu à troca de pessoas.",00:48:14,fundo climatico internacional|cooperacao internacional|BID|doacao internacional,inexistente,convergente,alta
ENT-001-ENT-002,2.1.4,PUB6,lacuna,"[participante 1]: «Nós não temos um banco de projetos. O correto seria a nossa secretaria de obras ter um banco de projetos e quando eu fosse falar no ministério ou com o deputado falar: 'ó, tá aqui o projeto completo, custa 5 milhões, eu preciso de uma emenda de 5 milhões porque eu preciso licitar'. E geralmente não acontece.»","Ausência declarada de carteira de projetos. A captação é feita sobre estimativas, não sobre projeto executivo — o que compromete tanto o valor pleiteado quanto o prazo de execução.",00:27:47,preparacao de projeto|projeto executivo|carteira de projetos|pipeline|maturidade do projeto,inexistente,convergente,alta
ENT-001-ENT-002,2.1.4,PUB6,declaracao,"[participante 1]: «eu só vou fazer os projetos depois que eu tiver a garantia do dinheiro (…) E aí os projetos demoram um ano, um ano e meio. Quando termina o projeto, a obra não é mais 3 milhões, a obra é 5 milhões. Então é 3 milhões da emenda, 2 milhões de contrapartida.»","A sequência está invertida — o recurso vem antes do projeto — e a inversão é sistemática, não excepcional. O efeito é mecânico: o intervalo entre captação e projeto vira defasagem de custo, e a defasagem inteira recai sobre a contrapartida municipal.",00:28:42,preparacao de projeto|projeto executivo|estudo de viabilidade|maturidade do projeto,inexistente,convergente,alta
ENT-001-ENT-002,2.1.4,PUB6,declaracao,"[participante 1]: «Casa da Mulher Brasileira (…) teve um edital aberto, a gente ficou para um segundo ciclo, mas se a gente tivesse os projetos prontos, teria entrado no primeiro ciclo. (…) Céu da Cultura do novo PAC (…) tem vários municípios que já estão com a obra em execução. Maringá acabou atrasando (…) tem um projeto do Parque Alfredo Nyffeler que foi assinado o convênio em 2023. Até hoje os projetos não ficaram prontos.»","Três perdas documentadas de janela por imaturidade de projeto, uma delas com convênio assinado há três anos e recurso garantido. A capacidade de preparação é a restrição que converte oportunidade em passivo — e é ela, não a disponibilidade de fonte, que determina o que o município consegue executar.",00:29:37,preparacao de projeto|pipeline|maturidade do projeto|Novo PAC,inexistente,convergente,alta
ENT-001-ENT-002,2.1.5,PUB8,declaracao,[participante 2]: «Não tem um setor de captação de recursos na prefeitura (…) o secretário de governo falou: por enquanto é aqui (…) Então tá sendo estruturado aqui.»,"Não existe unidade de captação: a função está sendo montada informalmente dentro da secretaria de governo, apoiada em uma pessoa com dois meses de casa. Converge com ENT-003, que registrou a mesma ausência a partir do órgão ambiental — a lacuna é da estrutura, não de um órgão.",00:47:13,estrategia financeira|plano de captacao|roadmap de financiamento,em_elaboracao,convergente,alta
ENT-001-ENT-002,2.1.6,PUB6,declaracao,[participante 1]: «a [secretaria de obras] já tem estudado alternativas para novas obras (…) um prédio que o município já vai construir com aquela madeira trabalhada (…) eu sinto que os nossos engenheiros ainda tão aprendendo a desenvolver projetos com essa questão da engenharia verde.»,"Critérios construtivos de baixo carbono começam a entrar nas obras novas por decisão de projeto, não por norma. O limite declarado é de capacidade técnica interna: a equipe de engenharia ainda está aprendendo a especificar.",00:26:51,baixo carbono|eficiencia energetica|descarbonizacao,em_elaboracao,isolada,alta
ENT-001-ENT-002,2.1.7,PUB6,declaracao,"[participante 1]: «O Fundo Estadual da Defesa Civil também veio com uma proposta de que tem recurso destinado para essa questão de calamidade pública (…) uma das questões que era exigida era o fundo municipal. E a gente agora criou o fundo nosso. Então agora ele já tem uma lei que criou, então isso já é um passo, né, para participar.»","Fundo municipal de defesa civil criado por lei recentemente — e criado como resposta a uma exigência de habilitação, não a um planejamento próprio de financiamento de risco. Existe em norma; nada foi relatado sobre regulamentação, aporte ou execução.",00:15:36,desastre|Defesa Civil|contingencia|fundo de catastrofe,formalizado,isolada,alta
ENT-001-ENT-002,2.2.1,PUB5,lacuna,"[participante 1]: «eu até participei ontem de uma reunião do orçamento para 2027 (…) das obras que a gente falou ontem, nenhuma especificamente tá ligada à questão [climática] (…) falar que a gente se reúne, pelo menos comigo, não aconteceu: vamos fazer só sobre clima, vamos destinar recurso só sobre o clima. Ainda não.»","Relato direto de dentro do ciclo de elaboração do orçamento de 2027: não há marcação climática, rubrica dedicada nem discussão específica de destinação. É a primeira evidência do corpus sobre orçamento verde — e ela é negativa, vinda de quem estava na reunião.",00:25:45,orcamento verde|marcacao orcamentaria|orcamento climatico,inexistente,isolada,alta
ENT-001-ENT-002,2.2.3,PUB5,lacuna,"[participante 1]: «sempre nas reuniões a gente fala: ó, isso aí é prioridade do prefeito, não só a questão climática, mas tem outros assuntos que também é prioridade dele.»","A prioridade climática circula como orientação verbal do gabinete e concorre com outras prioridades igualmente verbais. Não há tradução em programa orçamentário, meta física ou vínculo com o ciclo PPA/LDO/LOA — o que deixa a agenda sem porta de entrada no planejamento.",00:24:40,PPA|LDO|LOA|planejamento orcamentario|programa orcamentario,inexistente,complementar,media
ENT-001-ENT-002,2.3.1,PUB7,divergencia,"[participante 1]: «Eu desconheço IPTU Verde (…) aí eu nunca não participei do IPTU Verde, não sei se não participei. É uma coisa que talvez precisasse de mais divulgação. Eu não sei se é fácil você participar ou não. Eu desconheço, mas eu sei que tem (…) se é muito burocrático, as pessoas já: ah, não vou participar.»","Divergência com ENT-003, que descreve o IPTU Verde como regulamentado, com fila de pedidos e proposta de ampliação pronta. O conflito não é sobre a existência do instrumento, e sim sobre seu alcance: um servidor da administração central, que lida diariamente com captação, não sabe como ele funciona. O instrumento de receita própria mais relevante da agenda climática municipal não circula fora do órgão ambiental — o que qualifica a barreira administrativa relatada em ENT-003 como sendo também de difusão interna.",00:33:13,receita propria|IPTU|IPTU Verde|arrecadacao,regulamentado,divergente,alta
ENT-001-ENT-002,2.3.4,PUB7,declaracao,"[participante 1]: «a maior parte do orçamento de Maringá é tudo para custeio, para manter o que já tem. Então se você demora para fazer outros projetos, o valor da contrapartida sempre vai aumentar e vai dificultar pra gente conseguir a contrapartida.»","A margem própria de investimento é residual: o orçamento é majoritariamente custeio. Como a contrapartida sai dessa margem, cada atraso de projeto consome capacidade fiscal futura — a sustentabilidade do investimento climático recorrente não está dada.",00:30:34,sustentabilidade fiscal|custeio|manutencao|despesa recorrente|capacidade de pagamento,inexistente,convergente,alta
ENT-001-ENT-002,2.3.4,PUB6,declaracao,"[participante 1]: «o nosso convênio mais antigo é de 2017 (…) a obra era 9 milhões do Ministério da Saúde, sem contrapartida. Demorou tanto que a nossa contrapartida acho que tava em 13 milhões agora, de zero para 13 milhões. E é uma obra que tá em andamento.»",Caso extremo do mecanismo anterior: uma contrapartida que era zero chegou a treze milhões por decurso de prazo. Quantifica o custo fiscal da imaturidade de projeto e mostra que ele não é hipotético nem marginal.,00:43:26,sustentabilidade fiscal|custeio|despesa recorrente|contrapartida,inexistente,complementar,alta
ENT-001-ENT-002,2.4.2,PUB7,oportunidade,"[participante 1]: «a gente tem a parte que a gente também tá estudando: acho que tem uma pessoa no [instituto de planejamento] agora das PPPs, né, das parcerias público-privadas. É uma ideia. A questão das concessões, que também a gente tem começado (…) São possibilidades.»","PPPs e concessões estão em exploração inicial, atribuídas a uma pessoa no instituto de planejamento e a uma intenção da liderança. Não há modelagem, PMI ou chamamento em curso — o instrumento está no campo da ideia.",00:33:13,PPP|concessao|parceria publico-privada|modelagem,em_elaboracao,isolada,media
ENT-001-ENT-002,2.5.2,PUB6,declaracao,"[participante 1]: «em 2018 a gente assinou dois contratos de financiamento com o Banco do Brasil, só que a gente não tinha projeto nenhum. Depois da assinatura do contrato é que a gente foi fazer os projetos (…) ficou uns 8 anos rodando esse contrato de financiamento. Então a cada ano tinha que pagar uma tarifa para renovar.»","Há histórico de operação de crédito, mas contratado sem projeto: oito anos de contrato vivo, tarifa anual de renovação e custo de obra corrigido antes da execução. O histórico de crédito, isoladamente, não indica capacidade de investimento.",00:32:07,financiamento contratado|historico de credito|emprestimo|operacao de credito,em_implementacao,complementar,alta
ENT-001-ENT-002,2.5.3,PUB7,declaracao,"[participante 1]: «o BID, BNDES, Caixa Econômica, Banco do Brasil, a gente tem capacidade de endividamento, né? (…) acho que a fazenda vai te responder isso melhor.»","A capacidade de pagamento é afirmada como boa, com remissão à Fazenda para confirmação. Se confirmada documentalmente, desloca o diagnóstico: a restrição de investimento climático não é de elegibilidade financeira, e sim de preparação de projeto e de capacidade técnica.",00:32:07,capacidade de endividamento|CAPAG|capacidade de pagamento|rating,em_implementacao,isolada,media
ENT-001-ENT-002,2.6.1,PUB7,percepcao,"[participante 1]: «tem várias possibilidades, né? Deputados, governo estadual, governo federal, o FONPLATA, o BID, BNDES, Caixa Econômica, Banco do Brasil.»","O repertório de fontes, inclusive multilaterais, é conhecido nominalmente por quem opera captação. O obstáculo declarado é operacional — projeto, equipe, know-how —, não informacional: divulgar fontes não resolveria nada.",00:32:07,banco publico|multilateral|BID|cofinanciamento,em_elaboracao,complementar,media
ENT-001-ENT-002,3.1.1,PUB3,declaracao,"[participante 1]: «tem um sistema também da Defesa Civil que o município já preenche, já acompanha esse sistema. Eu tinha até notado aqui que os recursos que eles têm lá é para desobstrução de galerias pluviais, limpeza de córregos, canais e bueiros e obras para redução de riscos.»","O único sistema de dados citado nesta sessão é o de reporte à Defesa Civil, alimentado com regularidade. É reporte a sistema externo, não sistema municipal de dados territoriais — a base própria segue sem menção.",00:15:36,sistema de informacao|base de dados|plataforma,em_implementacao,complementar,media
ENT-001-ENT-002,3.2.3,PUB3,lacuna,"[participante 1]: «aqueles critérios de seleção, de habilitação, que é o que eu acho que vocês vão tá ajudando a gente aí (…) ó, vocês não têm o plano de contingência, vocês não sabem nem onde é que tem os pontos de alagamento. Então acho que construir essas informações para poder buscar o recurso, porque sempre tem muito critério de seleção.»","Achado analiticamente central: os dados de risco aparecem aqui não como insumo de planejamento, mas como requisito de habilitação a edital. A lacuna de dados deixa de ser um problema técnico e passa a ser barreira direta de acesso a financiamento — o que liga o eixo 3 ao eixo 2 por um mecanismo concreto, e não por analogia.",00:37:53,mapa de risco|vulnerabilidade|exposicao|historico de eventos|drenagem,inexistente,convergente,alta
ENT-001-ENT-002,4.1.1,PUB9,percepcao,"[participante 1]: «o governo federal e o governo do estado (…) estão muito preocupados com a questão climática, sustentabilidade (…) e estão lá falando que tem recurso, que vai ter recurso e tudo mais. Eu, da minha parte de convênio, de emendas, ainda não chegou nada especificamente sobre isso para eu ter que tratar com o estado ou governo federal.»","A relação com estado e União é descrita como boa e fluida, mas o fluxo de recurso climático ainda não se materializou no ponto do município onde ele seria operado. Anúncio de política nos níveis superiores não chegou como convênio ou emenda.",00:37:53,Governo do Parana|SEDEST|articulacao estadual|estado,em_implementacao,convergente,alta
ENT-001-ENT-002,4.1.3,PUB8,declaracao,"[participante 1]: «[a liderança do Executivo] tem feito reuniões toda segunda-feira de manhã com diretores, gerentes, superintendentes e secretários (…) todo mundo fica inteirado do que tá acontecendo (…) ele cobra a atual situação de cada projeto (…) tinha coisas que eu nem sabia que eu escuto falar na reunião.»","Existe instância de coordenação horizontal semanal, recém-instituída e conduzida pelo próprio Chefe do Executivo, com efeito prático reconhecido pelo participante. É a resposta institucional mais concreta que a entrevista registra — e depende da presença de quem a convoca.",00:20:09,intersecretarial|coordenacao interna|IPPLAM|SEGOV,em_implementacao,convergente,alta
ENT-001-ENT-002,4.1.3,PUB8,lacuna,"[participante 1]: «aí é que teria que ter esse, talvez formar um grupo de integração, né?» (…) confirmando que não há instância dedicada: «é, pelo que eu tenho percebido, sim» — a coordenação permanece no gabinete.","Não há instância institucional responsável pela agenda climática como conjunto; a coordenação repousa no gabinete do Chefe do Executivo. Converge com ENT-003, que descreveu o mesmo arranjo a partir do órgão ambiental: coordenação por relação pessoal e escalonamento. A formulação foi proposta pelo entrevistador e confirmada pelo participante, o que rebaixa a confiança.",00:35:20,coordenacao interna|intersecretarial|grupo de trabalho,inexistente,convergente,media
ENT-001-ENT-002,4.2.1,PUB9,lacuna,"[participante 1]: «teria que ver isso, de talvez divulgar mais, e facilitar às vezes, né? (…) às vezes tentar facilitar pro cidadão ter acesso seria uma alternativa também.»","Divulgação e simplificação são apontadas como condição de adesão cidadã a instrumentos climático-fiscais. Dito por quem é, ele próprio, público interno que não conhece o instrumento — o que sugere que a barreira de comunicação começa dentro da prefeitura.",00:34:19,participacao publica|engajamento social|educacao climatica,inexistente,complementar,media
ENT-001-ENT-002,4.2.2,PUB9,lacuna,[participante 1]: «e também acho que empresas que participam de processos licitatórios para execução de obra (…) ainda seja um pouco novidade para as próprias empresas que vão vir para poder participar do processo licitatório.»,"O mercado local de execução ainda não está formado para obra de baixo carbono. A restrição está do lado da oferta, não só da demanda pública — o que significa que exigir critério verde em licitação, isoladamente, pode esvaziar certames.",00:26:51,setor privado|empresa|engajamento empresarial,inexistente,isolada,media
ENT-001-ENT-002,4.3.2,PUB10,oportunidade,[participante 2]: «o que eu tinha pedido pro assessor: que a gente precisaria desse apoio técnico para que a gente possa desenrolar (…) então os secretários precisarão desse apoio.» E [participante 1]: «acho que construir essas informações (…) que é o que eu acho que vocês vão tá ajudando a gente aí.»,"Demanda explícita de assistência técnica, dirigida à própria consultoria e formulada duas vezes por participantes distintos. Define com precisão o produto esperado: não diagnóstico, mas capacidade de operar pleito e de montar a documentação de habilitação.",00:47:13,CEPAL|cooperacao tecnica internacional|assistencia tecnica|project preparation facility,em_elaboracao,convergente,alta
ENT-003,1.1.4,PUB1,declaracao,"[participante]: «todo mundo conhece o contrato com a UNILIVRE (…) é um contrato grande, para ser entregue ao longo de um ano e meio. Ele possui três metas e o produto final dele é um projeto estratégico de enfrentamento às mudanças climáticas. A gente que toca esse contrato aqui no [órgão ambiental municipal].»","A estratégia municipal de adaptação está terceirizada em um contrato de consultoria de 18 meses com ICT externa, com três metas e entrega de um «projeto estratégico de enfrentamento às mudanças climáticas». Não existe ainda instrumento próprio de adaptação com metas formalizadas: a condição habilitante depende da entrega do contrato.",00:12:51,adaptação|Plano Municipal de Adaptação|resiliência,em_elaboracao,complementar,alta
ENT-003,1.1.5,PUB2,declaracao,"[participante]: «a gente já tem alguns pré-diagnósticos sobre como Maringá vai ser impactada com possíveis cenários (…) identificar os cenários, fazer um cruzamento com as informações de Maringá, tanto ambiental como socioeconômico, para então nós sabermos as vulnerabilidades de Maringá.»","A avaliação de riscos e vulnerabilidades está em execução, com cruzamento de dados ambientais e socioeconômicos e pré-diagnósticos já produzidos. Metodologia coerente com a dimensão, mas sem resultado consolidado na data da entrevista.",00:12:51,cenário|vulnerabilidade|risco climático,em_elaboracao,convergente,alta
ENT-003,1.1.5,PUB2,declaracao,"[participante]: «o que a gente entende como questões prioritárias são os pontos erosivos de Maringá. E as áreas de alagamento são os focos do projeto de enfrentamento (…) a gente já definiu, já identificou esses problemas, que também não é segredo, isso é amplamente discutido.»","Há identificação prévia e consensual dos dois riscos prioritários (erosão e alagamento), independente do estudo em curso. A evidência sustenta que o conhecimento do risco existe e antecede a formalização metodológica.",00:17:40,erosão|alagamento|mapa de risco|área de risco,em_implementacao,convergente,alta
ENT-003,1.1.7,PUB4,lacuna,"[entrevistador]: «existe já meta, indicador, mecanismo de acompanhamento?» / [participante]: «para as mudanças climáticas é um produto a ser entregue ainda.» / [entrevistador]: «hoje não tem, mas está em construção.» / [participante]: (confirma)","LACUNA CRÍTICA. Não existe hoje meta, indicador ou mecanismo de monitoramento específico para mudança climática. A dimensão tem prioridade «Muito alta» na matriz de Maringá e depende integralmente da entrega do contrato de consultoria.",00:19:17,monitoramento|indicador de adaptação|acompanhamento de metas,inexistente,convergente,alta
ENT-003,1.1.7,PUB4,percepcao,"[participante]: «as metas, indicadores, com relação ao que nós mexemos são aquelas definidas pelos planos, por exemplo, plano de saneamento básico, plano de gestão de resíduos sólidos urbanos (…) essa questão do monitoramento, ele não é 100%. (…) aquilo que se não for feito você está fora da lei, com certeza é muito cobrado de perto (…) mas muitas vezes ter um acompanhamento mais próximo, eu acho que poderia ser melhor.»","Existe monitoramento setorial (saneamento e resíduos), mas movido por obrigação legal e reconhecido como incompleto pelo próprio órgão. Não há ponte declarada entre esses indicadores setoriais e a agenda climática.",00:20:55,meta|indicador|plano de saneamento|plano de resíduos sólidos,monitorado,complementar,media
ENT-003,1.2.1,PUB8,declaracao,"[participante]: «os dados que são de competência do [órgão ambiental municipal], a gente faz a gestão. O que não é de competência, não.» / [entrevistador]: «mas mudança climática está debaixo da asa de vocês?» / [participante]: «agora está, porque é um assunto que virou prioridade e que na verdade está sendo criado esse leque.»","A atribuição sobre a agenda climática foi assumida pelo órgão ambiental de forma recente e informal («agora está»), por elevação política do tema e não por ato normativo citado. Competência sobre dados é fragmentada por matéria.",00:17:40,competência|responsabilidade institucional|gestão de dados,em_implementacao,convergente,media
ENT-003,1.2.2,PUB10,lacuna,"[entrevistador]: «quais seriam as barreiras (…) para ampliar essa capacidade de novos projetos, de conseguir mais dinheiro?» / [participante]: «aumentar o efetivo de servidores qualificados. (…) É o principal para dar vazão à demanda.»","LACUNA PRINCIPAL declarada pelo participante como barreira número um, de forma espontânea e sem hesitação. Capacidade institucional insuficiente é o gargalo que limita simultaneamente preparação de projetos, captação e ampliação de instrumentos existentes.",00:42:14,capacidade institucional|servidores|falta de pessoal|equipe técnica,em_implementacao,convergente,alta
ENT-003,1.2.2,PUB10,lacuna,"[entrevistador]: «vocês têm a possibilidade de implementar coisas novas para melhorar a capacidade de financiamento, mas talvez hoje não teriam capacidade interna de gerir isso (…) faltam servidores?» / [participante]: (confirma) «faltam servidores para melhorar a capacidade de gestão do tema.»","Confirmação independente, em outro momento da entrevista, do mesmo gargalo. A restrição não é de vontade política nem de instrumento jurídico, é de força de trabalho qualificada.",00:33:10,capacidade institucional|falta de pessoal|estrutura,em_implementacao,convergente,alta
ENT-003,1.2.2,PUB6,percepcao,"[participante]: «sim, existem outros projetos, são desafiadores justamente por serem questões novas (…) às vezes para embasar eles é um pouco mais complicado, mas quando se junta tanto o executivo quanto a gente, como servidores, eles saem do papel.»","A viabilização de projetos climáticos depende de convergência entre liderança política e corpo técnico; a dificuldade declarada é de fundamentação técnica de temas novos, não de tramitação.",00:22:24,capacidade institucional|projeto novo|embasamento técnico,em_implementacao,complementar,media
ENT-003,2.1.1,PUB6,declaracao,"[entrevistador]: «qual a fonte de financiamento que vocês estão usando?» / [participante]: «a gente está utilizando a fonte de financiamento de combustível mesmo (…) a descarbonização a gente vai trocar o diesel pelo biodiesel, mas ainda é combustível (…) por ser bem de consumo.»","O único projeto climático próprio é financiado por rubrica ordinária de custeio (combustível / bem de consumo), sem fonte climática dedicada. Evidência direta de ausência de linha orçamentária climática específica.",00:48:05,recurso próprio|tesouro municipal|bem de consumo,em_implementacao,convergente,alta
ENT-003,2.1.6,PUB6,declaracao,"[participante]: «a gente está com um projeto piloto de descarbonização da frota municipal (…) isso é um pedido direto do prefeito, é uma questão nossa, a gente tem um prefeito muito engajado na causa ambiental.»","Existe ação de mitigação em curso, mas originada em determinação individual do Chefe do Executivo e não em estratégia de baixo carbono formalizada. Coerente com a prioridade «Média» atribuída a esta dimensão em Maringá.",00:22:24,descarbonização|frota|baixo carbono|biodiesel,em_implementacao,convergente,alta
ENT-003,2.1.4,PUB6,lacuna,"[entrevistador]: «vocês não têm uma área específica que fica de olho onde tem dinheiro?» / [participante]: «ele sabe a demanda que ele precisa e daí ele sai atrás do recurso.» (…) «aqui a minha diretora já fez inscrição para algum tipo de prêmio para receber um patrocínio (…) isso quando a gente acha alguma coisa, a gente se inscreve e compete.»","LACUNA ESTRUTURAL. Não existe unidade dedicada à estruturação de projetos e captação; a busca de recursos é reativa, personalizada na chefia e oportunista (inscrição em prêmios quando surgem). Dimensão com prioridade «Muito alta» e classificada pelo Produto 2 como ponto crucial da avaliação.",00:40:49,preparação de projeto|carteira de projetos|pipeline|captação,inexistente,convergente,alta
ENT-003,2.1.4,PUB6,declaracao,"[participante]: «aqui a gente faz projeto também, alguns projetos mais projeto arquitetônico, por exemplo para parques (…) algo mais elaborado normalmente vai cair na [secretaria de obras], essa questão de projetos que é mais de obra mesmo, essas obras maiores, e a execução normalmente se licita.»","Capacidade própria de projeto limitada a escopo arquitetônico de baixa complexidade; obras estruturantes de adaptação migram para as secretarias de obras, fragmentando a responsabilidade sobre a maturidade do pipeline.",00:39:33,projeto arquitetônico|projeto executivo|licitação,em_implementacao,complementar,media
ENT-003,2.1.5,PUB7,oportunidade,"[entrevistador]: «existe margem para que coisas novas sejam propostas, criar instrumentos e mecanismos para que tenha mais dinheiro para essa pauta?» / [participante]: «a gente pretende, dentro do contrato da UNILIVRE (…) saber de onde a gente tirar esse dinheiro.»","A construção da estratégia financeira de adaptação está prevista como produto contratado, não como capacidade instalada. Ponto de convergência direta com o objeto da consultoria IPPLAM–CEPAL: risco de sobreposição ou, se articulado, de complementaridade.",00:31:28,estratégia financeira|plano de captação|nova fonte,em_elaboracao,convergente,alta
ENT-003,2.1.3,PUB7,lacuna,"[entrevistador]: «e desses financiamentos tipo Fundo Clima, BNDES, BID, financiamentos internacionais, vocês têm buscado?» / (a transcrição não registra resposta; a entrevista é encerrada em seguida)","SEM EVIDÊNCIA, NÃO INEXISTÊNCIA. A pergunta sobre fontes internacionais foi feita nos últimos minutos e a resposta não foi captada. Registrar como pendência de reinquirição, não como ausência da condição. Aplica-se também a 2.6.1.",00:49:10,fundo climático internacional|BNDES|BID|Fundo Clima,sem_evidencia,,baixa
ENT-003,2.2.3,PUB5,percepcao,"[participante]: «o município tem um orçamento, ele tem uma previsão de onde vai utilizar cada recurso e é muito difícil acontecer alguma coisa que não está prevista naquele orçamento. Não tem margem para esse tipo de coisa (…) se a gente fala que vai executar um contrato é porque foi feito um plano onde iria se destinar dinheiro para esse projeto.»","O orçamento é percebido como rígido e vinculante: o que não entra no planejamento prévio não se realiza. Consequência analítica direta: sem marcação climática no ciclo PPA/LDO/LOA, não há porta de entrada para investimento climático não previsto.",00:43:42,orçamento|previsão orçamentária|LOA|planejamento,formalizado,convergente,alta
ENT-003,2.2.1,PUB5,lacuna,"[participante]: «essa questão de encontrar alguma outra fonte porque quer fazer algo a mais (…) não sei assim dizer ao certo, a quantificar a necessidade ou o quanto isso impede a gente de fazer as coisas.»","Não há qualquer menção a marcação ou etiquetagem climática do orçamento, e o participante declara não conseguir quantificar a necessidade nem o impacto da restrição. Indica ausência de instrumento de rastreamento; confirmar com o órgão de fazenda/planejamento (fonte primária da dimensão).",00:43:42,orçamento verde|climate budget tagging|marcação orçamentária,sem_evidencia,,media
ENT-003,2.3.1,PUB7,declaracao,"[participante]: «a gente tem uma nova proposta para o IPTU Verde e a gente segurou ela, justamente para adaptar a nossa estrutura interna, para dar conta dos novos pedidos que vão chegar, porque a gente pretende ampliar a aceitação de soluções sustentáveis. (…) a gente estava com uma fila de pedidos.»","ACHADO DE ALTO VALOR. O instrumento fiscal existe e está regulamentado, a demanda social existe (havia fila), a proposta de ampliação está pronta — e a expansão foi deliberadamente suspensa por insuficiência de capacidade administrativa. A restrição é de gestão, não de norma nem de demanda. Liga 2.3.1 diretamente a 1.2.2.",00:31:28,IPTU Verde|receita própria|incentivo,regulamentado,convergente,alta
ENT-003,2.3.1,SOC5,percepcao,[participante]: «o IPTU Verde vai ser um incentivo a ajudar a gestão do município (…) mas ele vem de um incentivo. Eu acho muito difícil você impor uma obrigação para o cidadão só por questão ambiental. Então pode ser que isso até afaste ele.»,"Leitura do participante sobre o desenho do instrumento: incentivo funciona, imposição gera resistência. Insumo direto para a modelagem de instrumentos econômicos no Roadmap.",00:46:28,IPTU Verde|incentivo|obrigação,regulamentado,complementar,media
ENT-003,3.1.1,PUB3,declaracao,"[participante]: «é uma preocupação que surgiu há tempos, que vem se discutindo, mas (…) agora está sendo feita essa base de dados.»","O sistema municipal de dados climáticos está em constituição no momento da entrevista, não em operação. Dimensão com prioridade «Muito alta»; a condição habilitante é emergente.",00:17:40,base de dados|sistema de informação|dado climático,em_elaboracao,convergente,alta
ENT-003,3.2.2,PUB3,lacuna,"[participante]: «a gente tem desafios de acesso à informação. A gente depende de terceiros às vezes para pegar esses dados (…) quando a gente pede isso para outra secretaria, a prontidão dela em fornecer os dados (…) em geral a gente consegue reunir os dados, depende do nível de cobrança que a gente tem que fazer.»",LACUNA OPERACIONAL. O dado existe mas o fluxo depende de solicitação ativa e de escalonamento de cobrança; não há rotina nem obrigação de compartilhamento. Custo de transação interno alto para produzir qualquer diagnóstico.,00:15:55,acesso a dados|prontidão|lacuna de dados|interoperabilidade,em_implementacao,convergente,alta
ENT-003,3.2.1,PUB3,declaracao,"[entrevistador]: «você tem uma boa relação com quem pode fornecer informação atualizada?» / [participante]: «não de uma forma formalizada. Mas, por exemplo, eles são responsáveis pelas estações meteorológicas aqui de Maringá, tem duas (…) existem muitos estudos feitos em cima de questões de Maringá e que daí a gente utiliza aqui dentro para tomar alguma decisão.»","DIVERGÊNCIA RELEVANTE. Há fluxo real e produtivo de dados técnico-científicos, inclusive dados meteorológicos primários, porém SEM instrumento formal de parceria. A condição habilitante funciona de fato e não existe de direito: risco de descontinuidade a cada troca de gestão ou de contrato.",00:26:49,parceria técnico-científica|estação meteorológica|ICT|convênio,em_implementacao,divergente,alta
ENT-003,3.1.2,PUB9,declaracao,"[participante]: «tem muitos processos que ocorrem em nível de estado e não do município (…) a gente precisa fazer esse pedido de licença ou de qualquer tipo de outorga para o IAT, que é o órgão ambiental estadual.»","A interlocução com o Estado é rotineira, porém estruturada em torno de licenciamento e outorga, não de compartilhamento de dados climáticos. O canal existe e está subutilizado para a finalidade da dimensão.",00:37:58,órgão ambiental estadual|licença|outorga|IAT,em_implementacao,convergente,media
ENT-003,3.2.5,PUB3,lacuna,"[participante]: «já foi mapeado faz tempo, já foi discutido, mas muitas vezes a gente não consegue identificar a melhor solução, porque entra uma questão de viabilidade econômica, de viabilidade ambiental. Muitas vezes a gente precisa de um corpo técnico especializado para lidar com essa questão. O contrato vem também para ajudar a sanar isso.»",LACUNA DE CONVERSÃO. O gargalo não está no diagnóstico do risco (que existe há tempo) mas na tradução do dado em solução técnica e economicamente viável. É precisamente a fronteira entre o eixo Dados e o eixo Finanças: dado sem capacidade de engenharia não gera projeto financiável.,00:19:17,uso do dado na decisão|viabilidade|corpo técnico especializado,em_implementacao,convergente,alta
ENT-003,4.1.3,PUB8,percepcao,"[entrevistador]: «vocês acabam não sendo prioridade, demora mais do que deveria?» / [participante]: «acho que depende da pessoa. Depende da pessoa. Se a pessoa não faz dentro do prazo, vai vir uma cobrança, porque sim, nós temos um prefeito que está sempre de olho nisso e daí quando vem a cobrança do prefeito, anda.»","LACUNA DE GOVERNANÇA. A coordenação horizontal opera por relação pessoal e por escalonamento ao Chefe do Executivo, não por instância ou rotina institucional. Governança funcional mas não institucionalizada — e portanto não transferível entre gestões.",00:28:29,coordenação interna|intersecretarial|prontidão,em_implementacao,convergente,alta
ENT-003,4.1.3,PUB8,percepcao,"[participante]: «nessa questão da mudança climática, ele é conhecido por isso, faz a gente sentir bastante pressão aqui (…) o fato disso ser um entendimento consolidado para ele, então a gente não precisa convencer que aquilo é importante. É algo que você vai explicar, mesmo que seja o mínimo sobre a questão, e se tiver a fundamentação necessária, vai.»","FORTALEZA com contrapartida de risco. A liderança do Chefe do Executivo elimina o custo de convencimento e acelera decisão — e, sendo o único mecanismo de priorização identificado, torna a agenda dependente de uma pessoa. Insumo central para a recomendação de instância permanente de governança climática.",00:29:48,liderança|pactuação política|priorização,em_implementacao,convergente,alta
ENT-003,4.1.1,PUB9,declaracao,"[participante]: «em geral uma boa relação com os órgãos. Existem questões complexas, mas o tratamento sempre foi amistoso, de tentar resolver, de tentar ajudar na medida do possível dentro da lei.» (…) «quem faz a gestão e a operação de toda a rede de esgoto é a concessionária estadual. O que a gente faz como município, como titular do serviço, é fiscalizar.»","Relação vertical cooperativa e rotineira, ancorada em competência regulatória e de fiscalização. Não há menção a cooperação vertical voltada a financiamento climático.",00:26:49,estado|articulação estadual|concessionária de saneamento,em_implementacao,convergente,media
ENT-003,4.2.4,SOC5,lacuna,"[participante]: «às vezes é muito difícil a gente talvez demonstrar isso, fazer o marketing disso, porque não são coisas que aparecem automaticamente (…) não é igual você construir uma UBS, onde tem uma cerimônia de inauguração. A visibilidade, apesar de acontecer, é uma visibilidade muito mais comprometida, que muitas vezes causa impacto, mas um impacto invisível. As pessoas não sabem.»","LACUNA DE VISIBILIDADE. A ação climática de adaptação é estruturalmente pouco visível comparada à obra convencional, o que reduz retorno político e, por consequência, sustentação orçamentária. Barreira de economia política, não de comunicação institucional apenas.",00:23:48,transparência|visibilidade|comunicação|devolutiva,em_implementacao,convergente,alta
ENT-003,4.2.1,SOC6,percepcao,"[participante]: «a gente precisa contar um pouco com a população. A população não tem preocupação de investir em algo que não vai trazer benefício para ela.» (…) «com a comunicação certa, as pessoas podem sim se conscientizar, e não todas, mas eu acho que isso pode ajudar.»","A participação social é lida como pré-condição de viabilidade dos instrumentos econômicos, não como etapa formal de processo. Convergente com a dimensão transversal de percepção social prevista no Produto 2.",00:46:28,participação pública|conscientização|educação climática,em_implementacao,convergente,media
ENT-003,4.3.2,PUB9,declaracao,"[entrevistador]: «a gente está começando hoje o processo das entrevistas do projeto (…) as entrevistas vão ser individualizadas, elas vão ser não identificadas (…) o objetivo é preparar uma proposta de um plano de ação (…) o resultado dessa conversa vai ser apresentado ao prefeito.»","A própria cooperação técnica internacional em curso é evidência da dimensão 4.3.2. Registro relevante também para conformidade: o compromisso de não identificação foi enunciado ao participante no início da gravação, reforçando o TCLE.",00:05:59,cooperação técnica internacional|CEPAL|assistência técnica,em_implementacao,convergente,media
ENT-004,1.1.1,PUB1,declaracao,"[participante]: «já tem iniciado situações para mudança de combustíveis, né? Trabalhar com combustíveis renováveis. (…) pensando em nível de desenvolvimento, eu acho que a gente tá no no estágio inicial»","A ação de mitigação atribuída à secretaria é a migração da frota/maquinário para combustíveis renováveis, iniciada e sem meta de redução declarada. O próprio participante classifica o estágio como inicial. Não há meta de emissão associada à área de infraestrutura.",00:12:26,mitigacao|baixo carbono|combustivel renovavel,em_implementacao,complementar,alta
ENT-004,1.1.1,PUB1,percepcao,"[participante]: «A gente não é especialista, tá longe de ser, mas acho que já tá em a linha de pensamento criada.»","Autoavaliação de maturidade: existe direção de pensamento, não capacidade técnica consolidada. Converge com o quadro de estágio inicial descrito nas demais entrevistas do bloco público.",00:14:14,maturidade|estagio inicial,em_elaboracao,convergente,media
ENT-004,1.1.4,PUB1,declaracao,"[participante]: «a gente tem, por exemplo, um contrato com a [ICT externa] lá que tá sendo feito um um estudo de macrodrenagem, microdrenagem, então envolve diversos setores que de certa forma tá ligado a essa questão dos efeitos (…) das alterações aí climáticas»","Confirma, de outra secretaria, o mesmo contrato com ICT externa registrado em ENT-003: o instrumento de adaptação está sendo produzido por consultoria contratada e a articulação intersetorial se dá em torno dele. Reforça que a estratégia de adaptação é, hoje, um produto contratado e não um instrumento próprio.",00:37:38,adaptacao|macrodrenagem|contrato|estudo,em_elaboracao,convergente,alta
ENT-004,1.1.4,PUB1,declaracao,[participante]: «Tem sido trabalhado também agora essa questão de implementações de soluções baseadas na natureza (…) já foram implementadas algumas bacias de detenção (…) a gente tem pensado já em alterações nos canteiros centrais para jardim de chuva»,"Há ações de adaptação em curso na infraestrutura urbana — bacias de detenção implantadas, jardins de chuva em estudo — porém sem vinculação a um instrumento de adaptação com metas. São ações setoriais, não decorrência de política.",00:23:03,solucoes baseadas na natureza|bacia de detencao|jardim de chuva|drenagem,em_implementacao,complementar,alta
ENT-004,1.1.5,PUB2,declaracao,"[participante]: «a gente encontra muitos resíduos, tubulações obstruídas. Então o reflexo a gente tem percebido cada vez mais com chuvas mais intensas, né, e com concentrações maiores. Isso tem refletido em em diversos pontos.»","Evidência de campo sobre o risco prioritário: a área operacional constata aumento de intensidade e concentração das chuvas e o efeito sobre a rede de drenagem. Converge com a identificação de alagamento e erosão como riscos prioritários em ENT-003, mas aqui por observação operacional, não por estudo.",00:14:14,chuva intensa|alagamento|drenagem|evento extremo,em_implementacao,convergente,alta
ENT-004,1.1.5,PUB2,percepcao,"[participante]: «talvez ela não esteja diretamente ligada à questão de variação nas condições climáticas, mas sim é uma necessidade permanente (…) é uma manutenção rotineira mesmo da secretaria»","A leitura do risco não está institucionalizada na área operacional: a manutenção da drenagem é entendida como rotina, não como resposta a risco climático. O nexo clima–infraestrutura existe na percepção, mas não organiza a programação do serviço.",00:15:40,risco climatico|manutencao|drenagem,em_elaboracao,complementar,alta
ENT-004,1.1.7,PUB4,lacuna,"[entrevistador]: «se existem metas, indicadores, se alguém monitora essas ações que são mais vinculadas a ações climáticas» / [participante]: «nós aqui na secretaria a gente faz mais execução mesmo (…) a gente acaba não ficando tão ligado nessa questão principalmente ambiental. Aqui no nosso setor a gente não tem essa linha de trabalho, não tá nos nossos escopos»","LACUNA. Não há meta, indicador nem mecanismo de acompanhamento climático na secretaria que executa a maior parte da intervenção física da cidade. O monitoramento é percebido como tema de outra pasta. Dimensão de prioridade «Muito alta»; converge com a lacuna registrada em ENT-003.",00:23:03,monitoramento|indicador|meta|acompanhamento,inexistente,convergente,alta
ENT-004,1.2.1,PUB8,declaracao,"[participante]: «tem bastante comissões assim que envolvem vários setores, diversas secretarias ali para tratar de alguns assuntos»","A responsabilidade climática se organiza por comissões temáticas ad hoc em torno de contratos e estudos específicos, não por atribuição normativa estável. Existe articulação; não existe titularidade formal identificada pelo participante.",00:37:38,responsabilidade|comissao|coordenacao|atribuicao,formalizado,complementar,media
ENT-004,1.2.1,PUB9,lacuna,"[participante]: «tem situações que a gente tem que recorrer ao [órgão ambiental municipal] (…) e situações que a gente tem que recorrer ao [órgão ambiental estadual] (…) muitas vezes essa divisão entre as responsabilidades não é tão clara, né?»",A divisão de competências entre município e Estado não é clara para quem executa. A indefinição não é apenas de atribuição climática interna: alcança a fronteira federativa e gera custo de transação em licenciamento e obtenção de informação.,00:19:05,competencia|responsabilidade|estadual|municipal,em_elaboracao,complementar,alta
ENT-004,1.2.2,PUB10,declaracao,"[participante]: «poderia ser maior, né, de equipe, de equipamentos, de estrutura ali para desenvolvimento de tudo isso. Às vezes tem muita dificuldade com software, computadores, equipamentos»","Restrição de capacidade declarada em três frentes simultâneas — pessoal, equipamento e licenças de software. A limitação atinge a etapa de projeto, que é justamente onde o financiamento climático exige entregáveis.",00:28:29,capacidade tecnica|equipe|software|estrutura,inexistente,convergente,alta
ENT-004,1.2.2,PUB10,declaracao,"[participante]: «a gente acaba ficando sobrecarregado com demandas de n setores ali (…) muitas vezes não consegue se concentrar em definir uma solução para um ponto de alagamento, por exemplo. (…) chega pedido de isso, pedido daquilo. Você não consegue atender no tempo adequado.»","A sobrecarga por demanda reativa impede a produção de solução técnica para os próprios pontos críticos identificados. É a mesma barreira de capacidade administrativa nomeada em ENT-003 para o IPTU Verde, aqui aplicada ao projeto de drenagem: o limite não é orçamentário nem normativo, é de tempo técnico disponível.",00:44:26,sobrecarga|capacidade institucional|barreira|demanda,inexistente,convergente,alta
ENT-004,1.2.2,PUB10,percepcao,[participante]: «a secretaria aqui ela tem bastante setor de mão de obra. Então são muitos servidores bem antigos (…) a gente ainda é muito ligado principalmente nos métodos construtivos mais tradicionais»,Barreira cultural-técnica à adoção de soluções de baixo carbono e baseadas na natureza: o corpo executor está formado em métodos construtivos tradicionais. Aponta a capacitação — e não só a contratação — como condição habilitante.,00:26:08,capacitacao|metodo construtivo|cultura organizacional,em_elaboracao,complementar,media
ENT-004,2.1.1,PUB6,declaracao,"[participante]: «boa parte das intervenções nossas aqui é recursos municipais mesmo, recursos próprios, fonte livre»","O financiamento da infraestrutura urbana — inclusive das intervenções com efeito adaptativo — vem de fonte livre do tesouro municipal. Não há fonte carimbada para a agenda climática na maior pasta executora, o que repete o padrão de ENT-003 (projeto climático custeado por rubrica ordinária).",00:45:32,recurso proprio|fonte livre|orcamento municipal,em_implementacao,convergente,alta
ENT-004,2.1.2,PUB9,lacuna,"[participante]: «convênios assim nesse sentido, mais ligados a áreas ambientais, eu realmente não sei (…) aqui na nossa secretaria não é muito comum esse tipo de recurso, não»","Recursos estaduais e federais para ação climática não chegam à secretaria de infraestrutura por via de convênio. A captação, quando ocorre, não passa por quem executa a obra — o que fragiliza a preparação de projeto elegível.",00:45:32,convenio|recurso estadual|recurso federal|captacao,inexistente,convergente,alta
ENT-004,2.1.4,PUB6,lacuna,"[entrevistador]: «me bota cinco projetos de pavimentação de três bairros para te dar tantos milhões» / [participante]: «acho que a gente precisaria de um período um pouquinho maior (…) seria um períodozinho de amadurecimento para a ideia, porque a gente não tem a ideia pronta»","LACUNA CRÍTICA. Não existe carteira de projetos prontos para captação. A cidade responde a oportunidade de financiamento por demanda, elaborando do zero — o que a exclui de janelas curtas de edital e de fundos com prazo. Dimensão «Muito alta».",00:27:31,carteira de projetos|preparacao de projeto|captacao|prontidao,inexistente,convergente,alta
ENT-004,2.1.4,PUB10,declaracao,"[participante]: «primeira coisa é um planejamento global a nível do município, do que tem que ser feito e onde tem que ser feito. (…) hoje a gente não começa a fazer porque a gente não tem isso desenhado (…) a gaveta simplesmente para: ó, o dinheiro tá aqui, a solução é essa, vamos implementar»","ACHADO ESTRUTURANTE. Perguntado sobre a barreira depois de descartado o dinheiro, o participante responde com a ausência de um planejamento territorializado de intervenções. A restrição declarada não é de recurso, é de projeto: sem carteira desenhada, recurso disponível não vira obra. Inverte a hipótese usual do diagnóstico para a área de infraestrutura.",00:41:51,planejamento|carteira de projetos|barreira|gaveta de projetos,inexistente,convergente,alta
ENT-004,2.1.5,PUB5,lacuna,"[entrevistador]: «a questão climática tem sido priorizada no planejamento, no orçamento?» / [participante]: «eu acredito que sim. Eu não sei assim a questão de separação de recursos para isso»","Não há estratégia financeira de adaptação identificável por quem executa: a prioridade climática é percebida no discurso e nas ações, mas o participante desconhece qualquer separação orçamentária correspondente. Dimensão «Muito alta».",00:24:37,estrategia financeira|adaptacao|orcamento|priorizacao,inexistente,convergente,media
ENT-004,2.1.7,PUB6,declaracao,[entrevistador]: «Vocês têm uma estrutura de contratos emergenciais ou para tudo?» / [participante]: «geralmente é mais nessa linha mesmo. Direciona os esforços que estavam distribuídos em outras atividades para atender a demanda emergencial»,"Não há linha de financiamento nem contrato de prontidão para evento climático extremo: a resposta emergencial é feita por realocação de equipes e de recursos já programados. Cada evento extremo é, na prática, custeado com o orçamento de outra intervenção — custo invisível no ciclo orçamentário.",00:48:13,emergencia|desastre|realocacao|resposta,inexistente,convergente,alta
ENT-004,2.2.3,PUB5,lacuna,[participante]: «eu como técnico mesmo não fui envolvido nessa questão de fonte de recursos (…) não sei na verdade quem deveria estar correndo atrás desse recurso»,"LACUNA. A área que produz a demanda de investimento está desconectada da definição de fonte, e não identifica o responsável pela captação. Sem esse elo, a integração entre planejamento setorial e ciclo PPA/LDO/LOA não se sustenta. Dimensão «Muito alta».",00:46:49,PPA|LDO|LOA|fonte de recurso|captacao,inexistente,convergente,alta
ENT-004,2.3.1,PUB7,declaracao,"[participante]: «Maringá tem aquela questão do IPTU verde que concede benefícios para quem se alinha com essas ideias e faz investimento também (…) na verdade não aumentando recurso, mas pelo menos fazendo a população pensar dessa forma»","Terceira menção espontânea ao IPTU Verde no corpus, agora de fora do órgão ambiental: o instrumento é o único mecanismo econômico-climático municipal reconhecido transversalmente. O participante o lê como instrumento de indução comportamental, não de arrecadação — leitura convergente com a suspensão da ampliação registrada em ENT-003.",00:15:40,IPTU verde|receita propria|incentivo|instrumento economico,regulamentado,convergente,alta
ENT-004,2.4.1,PUB7,oportunidade,"[participante]: «acordos de execução de intervenções, né? Em troca do IPTU, que seja (…) Talvez não receber dinheiro, mas receber intervenções (…) você teria a intervenção toda ali no município»","OPORTUNIDADE. Proposta espontânea de compensação tributária por obra: converter renúncia de IPTU em intervenção física executada pelo privado, evitando o circuito arrecadação–repasse. É desenho de instrumento vindo da ponta executora e merece exame jurídico-fiscal no Roadmap.",00:30:00,investimento privado|contrapartida|IPTU|parceria,inexistente,isolada,media
ENT-004,2.4.1,PUB7,percepcao,"[participante]: «a questão da carga tributária ela já é uma coisa que já tá num nível bem pesado para todo mundo (…) talvez realmente não seja a questão de captar mais, mas sim gerir de uma melhor forma o que já é captado»","Restrição política à mobilização de recurso privado adicional por via tributária: o espaço percebido é de eficiência do gasto, não de ampliação de carga. Delimita o campo do que é viável propor ao setor privado em Maringá.",00:34:02,carga tributaria|investimento privado|eficiencia do gasto,nao_aplicavel,complementar,media
ENT-004,2.5.2,PUB6,declaracao,"[participante]: «na gestão anterior foi feito um financiamento, feito um empréstimo bem significativo de recurso, mas não atrelado ao fim (…) foi utilizado para recapeamento»","Há histórico recente de operação de crédito de porte para infraestrutura urbana, sem vinculação climática. Demonstra capacidade de endividamento exercida, e ao mesmo tempo a ausência de marcação climática na operação — a mesma operação poderia hoje ser estruturada como investimento de adaptação.",00:45:32,emprestimo|operacao de credito|financiamento|recapeamento,em_implementacao,complementar,media
ENT-004,3.1.1,PUB3,lacuna,"[entrevistador]: «Você já não tem um departamento, uma área específica, aquele local de referência onde você vai buscar tudo?» / [participante]: «talvez não seja tão claro onde buscar, mas a gente encontra»","LACUNA. Não existe sistema nem repositório de referência de dados climáticos e territoriais: o acesso ao dado depende de rede pessoal e de tentativa. A informação existe na prefeitura e circula, mas não está organizada como infraestrutura. Dimensão «Muito alta».",00:19:05,sistema de dados|repositorio|acesso a dados|informacao,inexistente,convergente,alta
ENT-004,3.1.1,PUB3,declaracao,[participante]: «existe bastante contato e troca de informações sim quando necessário (…) é mais quando algum setor tem alguma demanda relacionada a isso que instiga uma procura e uma troca»,"O fluxo de dados entre secretarias é reativo e por solicitação, não sistemático. Reproduz exatamente o padrão registrado em ENT-003 («depende de solicitação ativa»): a interoperabilidade é interpessoal, não institucional.",00:19:05,compartilhamento|fluxo de dados|intersetorial|solicitacao,em_implementacao,convergente,alta
ENT-004,3.1.2,PUB9,lacuna,"[entrevistador]: «se você precisa de informações do estado, da academia, do governo federal, é fácil?» / [participante]: «Não, é bem complexo, é bem complicado de encontrar os meios e os contatos (…) a nível federal, como a gente não conhece ninguém, às vezes acaba ficando um pouco mais complexo»",O compartilhamento de dados com Estado e União depende de contato pessoal preexistente e falha na ausência dele. O participante ilustra com renovação de licenciamento junto a órgão federal. Barreira concreta ao acesso a bases nacionais de risco e a fontes de financiamento que as exigem.,00:20:22,compartilhamento|dados estaduais|dados federais|acesso,inexistente,convergente,alta
ENT-004,3.2.1,PUB3,lacuna,"[participante]: «em relação à universidade, faculdades, eu entendo que eu poderia ter mais troca de informações. Não vejo isso tão corriqueiro, não.»","LACUNA. A parceria com universidade não alcança a secretaria de infraestrutura: o vínculo com a academia se limita a estagiários. Qualifica o achado de ENT-003 — o fluxo científico existe, mas é personalizado no órgão ambiental e não se distribui pela prefeitura. Dimensão «Muito alta».",00:21:40,universidade|parceria|academia|cooperacao tecnica,inexistente,divergente,alta
ENT-004,3.2.5,PUB3,declaracao,"[participante]: «tá sendo feito um estudo de macrodrenagem, microdrenagem, então envolve diversos setores (…) Onde intervir, né? O que fazer, visando gastar os recursos da melhor forma»","Único caso citado de dado convertido em decisão de investimento: o estudo de drenagem contratado deve indicar onde intervir. A integração dado–projeto existe como expectativa do produto contratado, não como capacidade instalada.",00:39:12,dado|planejamento|priorizacao|investimento,em_elaboracao,complementar,alta
ENT-004,4.1.2,PUB9,lacuna,"[participante]: «facilita quando a gente tem algum contato já pessoal e no estado, tal, até acontece, mas a nível federal, como a gente não conhece ninguém, às vezes acaba ficando um pouco mais complexo»","A coordenação com o Governo Federal opera por relação pessoal ou não opera. Mesma estrutura de dependência registrada em ENT-003 para a coordenação horizontal: funciona por pessoa, não por instância — e por isso não é transferível entre gestões.",00:20:22,coordenacao federal|articulacao|relacao pessoal,inexistente,convergente,alta
ENT-004,4.1.3,PUB8,declaracao,"[participante]: «[a defesa civil] está lotada aqui na mesma secretaria que nós (…) hoje ainda não foi feita a unificação, mas é um secretário só para essas três secretarias»","Mudança institucional relevante: defesa civil, limpeza urbana e infraestrutura passaram a responder a um mesmo secretário. Fusão administrativa de fato, ainda sem formalização jurídica — uma condição habilitante em construção, e reversível pelo mesmo caminho.",00:49:29,coordenacao horizontal|defesa civil|infraestrutura|estrutura administrativa,em_implementacao,complementar,alta
ENT-004,4.1.3,PUB8,declaracao,"[participante]: «a agilidade no tempo de resposta, porque a parte operacional de equipamentos fica na infraestrutura. Então quando tem alguma queda de árvore, a gente consegue mobilizar as equipes de uma forma mais direta (…) É a mesma caneta»","Resultado declarado da fusão: redução do tempo de resposta a evento extremo por unificação da cadeia de decisão e do parque de equipamentos. É o achado positivo mais concreto do corpus sobre coordenação horizontal, e o único com efeito operacional verificável.",00:49:29,coordenacao horizontal|tempo de resposta|defesa civil|emergencia,em_implementacao,convergente,alta
ENT-004,4.2.1,PUB7,lacuna,[entrevistador]: «Você acha que a população sabe do IPTU verde?» / [participante]: «eu acredito que poderia ter mais divulgação (…) talvez as classes mais vulneráveis tenham menos informação relacionada a isso»,"LACUNA COM RECORTE DISTRIBUTIVO. O único instrumento econômico-climático do município tem alcance informacional desigual, e o próprio servidor identifica as classes vulneráveis como as menos informadas. O incentivo tende a ser capturado por quem já tem acesso à informação e capacidade de investir.",00:17:20,participacao|divulgacao|IPTU verde|vulnerabilidade|equidade,em_elaboracao,convergente,alta
ENT-004,4.2.2,PUB7,percepcao,"[participante]: «a partir do momento que ele se identifica com a causa, ele acaba tendo mais facilidade de contribuir. Quem não vê a causa como alguma coisa mutável, dificilmente vai dispender recursos para isso»","O engajamento privado é lido como decisão individual de convicção, não como resposta a instrumento ou a estrutura de incentivo. Sinaliza ausência de um canal institucional que torne a contribuição privada previsível.",00:35:14,engajamento privado|corresponsabilidade|convencimento,inexistente,complementar,media
ENT-004,4.2.2,PUB7,percepcao,"[participante]: «já deixa uma parcela bem significativa do seu recurso com o governo (…) quem tem força para resolver isso é o governo e muitas vezes essa solução não vem. Então a pessoa já despendeu o recurso, mas não tem a solução (…) não é um grande incentivo para ela despender mais recursos»","Diagnóstico de economia política do financiamento climático local: a baixa entrega percebida do serviço público corrói a disposição privada de cofinanciar. Condição habilitante de natureza reputacional, e ela precede qualquer desenho de instrumento.",00:37:38,engajamento privado|confianca|contrapartida|servico publico,inexistente,complementar,alta
ENT-004,4.2.4,PUB7,declaracao,"[participante]: «é divulgado na página da prefeitura, mas não sei assim como isso é acompanhado por todos»","A transparência dos instrumentos climáticos se resolve por publicação passiva no sítio da prefeitura, sem estratégia de alcance nem devolutiva. Publicação não é o mesmo que acesso — e a própria administração não sabe se o conteúdo chega.",00:17:20,transparencia|divulgacao|comunicacao|devolutiva,formalizado,convergente,media
ENT-005,1.1.5,SOC1,declaracao,"[participante]: «são as fortes chuvas e ventos. Nós tivemos situações de ter ventos muito fortes sem chuva (…) uma das dessas chuvas fortes, nós aqui onde a gente mora, ficamos, sei lá, quatro dias sem energia (…) a cidade levou mais de uma semana para [recuperar]»","Risco prioritário identificado da perspectiva da sociedade civil: vendaval, com interrupção prolongada do serviço de energia. Acrescenta ao par erosão/alagamento registrado no bloco público um terceiro vetor — vento — cujo impacto se dá sobre a rede elétrica aérea, ativo que não é municipal.",00:06:29,vento|vendaval|evento extremo|energia|risco climatico,em_implementacao,complementar,alta
ENT-005,1.1.5,SOC1,declaracao,"[participante]: «foi por excesso de chuva, nós ficamos sem água, porque aonde nós temos a bacia de coleta de água da cidade (…) ele subiu muito e ele alagou as bombas de captação e aí foi mais de uma semana para recuperar. Então a cidade ficou muito tempo sem água pelo excesso de chuva. Curioso, né? não era seca. E aí mostra uma vulnerabilidade.»","ACHADO. Evento de desabastecimento de água causado por excesso de chuva — a captação da cidade depende de um único ponto em um único rio, e o alagamento das bombas interrompeu o serviço por mais de uma semana. Vulnerabilidade de infraestrutura crítica com fonte única, não registrada em nenhuma outra sessão.",00:07:41,abastecimento de agua|captacao|vulnerabilidade|infraestrutura critica,em_implementacao,isolada,alta
ENT-005,1.1.5,SOC1,declaracao,"[participante]: «esse é um dos maiores riscos da nossa região, que eu não sabia, quase ninguém sabe, que é seca. Então a tendência da nossa região é enfrentar, com esses fenômenos do El Niño, além do vento, ter seca.»","A seca aparece como risco relevante para a região e é explicitamente reconhecida como desconhecida do debate público local («quase ninguém sabe»). Contrasta com a centralidade de alagamento e erosão no bloco público: o corpus está calibrado para o excesso de água, não para a falta.",00:08:53,seca|El Nino|risco climatico|estiagem,em_elaboracao,divergente,media
ENT-005,1.1.4,SOC4,oportunidade,"[participante]: «teria que criar um sistema de backup, vamos dizer assim, ou de receber água (…) a gente pega a água de um rio, no sentido contrário tem um rio da bacia do Ivaí, que é um grande rio do estado. Então isso eu acho que é um dado interessante da gente pensar como estratégia»","OPORTUNIDADE. Proposta de redundância na captação de água entre bacias como medida de adaptação estruturante. É um projeto de infraestrutura de porte, elegível a financiamento climático e ausente de qualquer instrumento municipal citado no corpus.",00:08:53,adaptacao|abastecimento|redundancia|bacia hidrografica|projeto,inexistente,isolada,media
ENT-005,1.1.5,SOC1,declaracao,[participante]: «áreas aqui meio centrais que nunca tivemos problema de drenagem e hoje com chuva em excesso começa a encher ruas (…) tem a questão da impermeabilização de solo e aumenta o volume (…) tá chovendo um volume maior em menor tempo»,"Constatação de que a rede de drenagem projetada há décadas deixou de comportar o regime atual de chuva, com dois fatores somados: mudança do padrão pluviométrico e impermeabilização do solo. Converge com a evidência operacional de ENT-004, aqui a partir de observação técnica externa à prefeitura.",00:11:09,drenagem|impermeabilizacao|chuva intensa|alagamento,em_implementacao,convergente,alta
ENT-005,1.1.8,SOC2,declaracao,"[participante]: «tá rodando uma revisão do parcelamento do solo e [uma liderança do setor] foi lá e: vamos exigir rebaixar a fiação. (…) O empresariado não quer. Ah, vai ficar caro, vai encarecer.»","Há revisão de instrumento urbanístico em curso e uma disputa aberta sobre incluir nela a exigência de rede subterrânea — medida de resiliência com custo privado. É o caso mais nítido no corpus de política climática decidida dentro de instrumento urbanístico ordinário, e do conflito distributivo que isso gera.",00:39:17,parcelamento do solo|revisao|resiliencia|fiacao|regulacao,em_elaboracao,complementar,alta
ENT-005,1.2.1,SOC2,declaracao,"[participante]: «falar que a prefeitura não tá parada — primeiro que não é prefeitura, daí é uma junção de outra entidade, de outro órgão que é responsável por isso»","A responsabilidade sobre os ativos que falham no evento extremo — energia e água — é de concessionárias e do Estado, não do município. Delimita o alcance real da condição habilitante municipal: parte do risco prioritário está fora da alçada de quem será cobrado por ele.",00:06:29,responsabilidade|concessionaria|competencia|energia,formalizado,complementar,alta
ENT-005,1.2.2,SOC7,lacuna,"[participante]: «a prefeitura só pode fazer concurso, não tem outro mecanismo melhor. E por que que a prefeitura não faz? Ah, porque não tem gente para fazer»","A ausência de capacidade administrativa impede o município de usar um instrumento que já está à sua disposição — o concurso de projeto. Terceira aparição do mesmo padrão no corpus (IPTU Verde em ENT-003, projeto de drenagem em ENT-004): o gargalo não é o instrumento, é o braço para operá-lo.",00:31:57,capacidade institucional|concurso de projeto|barreira|equipe,inexistente,convergente,alta
ENT-005,2.1.7,SOC2,declaracao,"[participante]: «a cidade tem defesa civil, corpo de bombeiro equipado. Então quando ocorrem esses fenômenos, ela tem uma resposta rápida pela proporção que ela comporta»","Avaliação positiva da capacidade de resposta imediata a evento extremo, vinda de fora da administração. Qualifica o achado: o município responde bem ao evento e mal à recuperação — que levou mais de uma semana nos dois casos relatados e dependeu de reforço externo.",00:10:02,defesa civil|resposta a desastre|bombeiros|emergencia,em_implementacao,convergente,alta
ENT-005,2.1.7,SOC1,declaracao,"[participante]: «vieram empresas da [concessionária estadual de energia], veio pessoal de [outras cidades do Estado]. Então tem que mobilizar o reforço externo para vir recuperar. É muito demorado recuperar, não tem mágica»",A recuperação pós-evento depende de mobilização de equipes de fora do município. Não há capacidade instalada nem contrato de prontidão dimensionado para o evento extremo — o que converge com a realocação de equipes descrita em ENT-004.,00:06:29,recuperacao|desastre|reforco externo|concessionaria,inexistente,convergente,alta
ENT-005,2.3.3,SOC7,oportunidade,"[participante]: «uma outra entidade que o município criou (…) Instituto Cultural Ingá, que foi estimulado a ser criado na gestão anterior, que é estruturar para captar recurso para a lei Rouanet, para o dinheiro ficar no município (…) hoje é uma área de levantar dinheiro para a cultura via renúncia fiscal enorme na cidade»","ACHADO REPLICÁVEL. Existe em Maringá um precedente institucional de estrutura dedicada à captação por renúncia fiscal, criada por indução do poder público e operada fora dele, com resultado comprovado no setor cultural. É o desenho institucional que falta à agenda climática — e a dimensão de diversificação de receitas ambientais, que não recebia evidência de nenhuma pergunta do instrumental, passa a ter lastro empírico.",00:44:12,renuncia fiscal|captacao|diversificacao de receitas|instituto|incentivo,efetivo,isolada,alta
ENT-005,2.3.3,SOC7,declaracao,"[participante]: «a sacada foi: o primeiro presidente do [instituto] foi o presidente do sindicato dos contadores, que era o primeiro que você tinha que convencer (…) porque ele ia falar pro empresário»","O fator de sucesso relatado na captação por renúncia fiscal foi identificar e cooptar o intermediário que decide de fato — o contador da empresa, não o empresário. Detalhe operacional transferível para qualquer desenho de incentivo climático dirigido ao setor privado local.",00:45:16,renuncia fiscal|intermediario|engajamento privado|estrategia,efetivo,isolada,media
ENT-005,2.4.1,SOC9,divergencia,"[participante]: «teve audiência pública sobre esse tema, quem tava lá era o empresariado que é contra. Porém, nas redes sociais você vê todo mundo defendendo, a população»","DIVERGÊNCIA. Sobre a mesma medida de resiliência, o setor privado organizado se opõe presencialmente e a população apoia difusamente. O canal formal de participação captura a posição contrária e não captura a favorável — o que enviesa a decisão pública sobre uma medida de adaptação.",00:40:26,audiencia publica|participacao|investimento privado|resiliencia|conflito,em_implementacao,divergente,alta
ENT-005,2.4.2,SOC4,percepcao,"[participante]: «a rede é do município e ela é terceirizada para a [companhia de saneamento], essa companhia que é privada também no fim hoje»","O saneamento opera por concessão a companhia de capital privado, e a rede permanece municipal. Estrutura contratual que abre espaço para investimento de resiliência hídrica via contrato de concessão — caminho não explorado em nenhuma outra sessão.",00:08:53,concessao|saneamento|PPP|investimento|agua,em_implementacao,complementar,media
ENT-005,2.5.1,SOC6,declaracao,"[participante]: «o [conselho de desenvolvimento econômico] é legal porque ele controla as despesas do município. O prefeito quer fazer um financiamento maluco, os caras falam: não»","Existe controle social efetivo sobre operações de crédito municipais, exercido por um conselho com participação empresarial. É condição habilitante ambígua: dá previsibilidade fiscal ao credor, e ao mesmo tempo cria um veto adicional sobre endividamento para investimento climático.",00:25:00,operacao de credito|controle social|conselho|endividamento|capacidade fiscal,em_implementacao,isolada,alta
ENT-005,2.2.2,SOC5,declaracao,"[participante]: «Observatório Social, que é bancado pela Associação Comercial (…) controlam todas as contas públicas do município, de licitação, todas, da Câmara, da Prefeitura, da universidade (…) Nós vamos impugnar a licitação porque [o item] tá pagando o triplo do mercado»","ACHADO. Existe na cidade uma estrutura permanente e financiada de acompanhamento do gasto público, com capacidade demonstrada de impugnar licitação. O rastreamento de gastos — dimensão «Muito alta» sem evidência codificada até aqui — existe na sociedade civil e não na administração: a capacidade está instalada fora do município e não está orientada a marcação climática.",00:25:59,rastreamento de gastos|controle social|licitacao|transparencia|observatorio,em_implementacao,isolada,alta
ENT-005,3.1.1,SOC5,oportunidade,"[participante]: «eu tive um pouco de contato com o pessoal do bombeiro, que daí junta a Defesa Civil, tem uma ideia de ter uma central única de informação que junta para todo mundo — polícia, Defesa Civil, Corpo de Bombeiros (…) criar essa central de inteligência de crise»","OPORTUNIDADE. Há uma proposta em circulação de central integrada de informação de emergência, cruzando município e Estado. Seria o embrião do sistema municipal de dados que o corpus registra como inexistente — e nasce da ponta operacional, não do planejamento.",00:35:18,sistema de dados|central de informacao|defesa civil|integracao|emergencia,em_elaboracao,complementar,media
ENT-005,3.1.2,SOC8,declaracao,"[participante]: «o bombeiro é estadual, né? Então criar essa central de inteligência de crise»","O desenho da central esbarra na fronteira federativa: os atores da resposta a desastre estão divididos entre município e Estado. Qualquer sistema de dados de emergência em Maringá é, por construção, um arranjo de compartilhamento intergovernamental.",00:35:18,compartilhamento|estado|defesa civil|coordenacao federativa,em_elaboracao,complementar,media
ENT-005,3.2.1,SOC7,declaracao,"[participante]: «a universidade tem um que chama Observatório das Metrópoles, que é um braço do que existe (…) mais vinculado a moradores de rua, habitação»","Há grupo de pesquisa estruturado na universidade pública, mas com agenda voltada a habitação e população em situação de rua, não a clima. A capacidade acadêmica existe e está alocada em outro objeto — o que qualifica a lacuna de parceria científica: não é ausência de pesquisador, é ausência de demanda dirigida.",00:27:16,universidade|grupo de pesquisa|parceria|agenda de pesquisa,em_implementacao,complementar,media
ENT-005,3.2.4,SOC3,declaracao,"[participante]: «eu participei de algumas audiências públicas da gestão anterior e eu via: a população conhece o seu bairro, sabe das deficiências (…) vamos criar áreas de descarte de entulho e lixo, porque senão o cara joga o sofá velho no bueiro»","O conhecimento territorial fino sobre causas locais de alagamento existe na população e já foi manifestado em audiência pública. É dado de vulnerabilidade disponível e não sistematizado — e liga diretamente resíduo sólido a obstrução de drenagem, nexo que nenhuma base municipal citada registra.",00:36:14,dados territoriais|participacao|vulnerabilidade|residuos|drenagem,em_elaboracao,complementar,alta
ENT-005,4.1.4,SOC8,percepcao,[entrevistador]: «não chove só em Maringá» / [participante]: «acho que é na conscientização. Fazendo divulgação e mostrando»,"A cooperação regional é imaginada apenas como ação de comunicação, não como consórcio, planejamento de bacia ou captação conjunta. Sinaliza que a escala regional ainda não é lida como instrumento de financiamento pela sociedade civil organizada.",00:32:53,cooperacao regional|conscientizacao|articulacao,inexistente,complementar,media
ENT-005,4.2.1,SOC6,declaracao,"[participante]: «a população é… talvez é uma dificuldade de mobilizar (…) foi quem tem interesse econômico. Quando você tem uma dor que é muito vinculada a você, você vai. Então poucas entidades têm um olhar mais geral sobre a cidade»","Diagnóstico da participação: os canais formais são ocupados por interesse setorial concentrado, e o interesse difuso não comparece. Explica por que a agenda climática — de benefício difuso e custo concentrado — perde nas audiências mesmo com apoio majoritário fora delas.",00:41:22,participacao|audiencia publica|mobilizacao|interesse difuso,em_implementacao,convergente,alta
ENT-005,4.2.2,SOC6,declaracao,"[participante]: «uma coisa que a cidade tem legal é que ela tem um associativismo muito forte (…) a associação comercial daqui é um exemplo pro Brasil, muito organizada. Aí tem [a cooperativa dos agricultores], que vira uma potência. Esse sistema cooperado faz as pessoas trabalharem em conjunto»",ACHADO POSITIVO. O capital organizacional privado de Maringá é descrito como excepcional e capaz de mobilização rápida quando a pauta lhe interessa. É o principal ativo disponível para mobilizar investimento privado — e hoje não está acionado para clima.,00:21:57,associativismo|setor privado|engajamento|capital social|cooperativa,efetivo,isolada,alta
ENT-005,4.2.3,SOC6,oportunidade,"[participante]: «o que eu sugeri certa vez pro prefeito: muda o [conselho de desenvolvimento econômico] para conselho de desenvolvimento econômico, social e ambiental (…) A hora que você põe [a pauta] junto com quem tem dinheiro, aí vai sensibilizar (…) no mesmo espaço de fala, não pode chamar o cara de vez em quando»","ACHADO ESTRUTURANTE. Proposta concreta e já apresentada ao Executivo: em vez de criar instância climática nova, incorporar a pauta ambiental ao conselho que já reúne quem decide o dinheiro na cidade. Inverte a lógica do conselho setorial isolado — cuja fragilidade o próprio participante nomeia — e é a recomendação de arranjo institucional mais acionável do corpus.",00:24:09,conselho|COMDEMA|participacao|arranjo institucional|governanca,inexistente,isolada,alta
ENT-005,4.2.3,SOC6,declaracao,"[participante]: «a prefeitura conseguiu criar uma lei que ela põe um dinheiro no [conselho]. Então ela paga uma secretária executiva, um economista e mais uns técnicos. Então tem um dinheiro para fazer ele funcionar»",O conselho econômico tem financiamento municipal por lei e secretaria executiva profissionalizada. Contrasta com o padrão brasileiro de conselho ambiental sem estrutura — e é o precedente legal local que permitiria dotar de estrutura qualquer instância climática que venha a ser criada.,00:23:06,conselho|financiamento|estrutura|secretaria executiva|governanca,efetivo,isolada,alta
ENT-005,4.2.3,SOC7,lacuna,"[participante]: «essas entidades são feitas por pessoas (…) estão ocupando os espaços e trabalhando voluntariamente (…) a nossa turminha local é ágil, com pouca gente (…) Faltam braços»",LACUNA. A representação da sociedade civil técnica na agenda urbana depende de trabalho voluntário de um grupo pequeno. Limita estruturalmente a capacidade de acompanhamento e de contribuição — e converge com a explicação de por que a audiência pública é assimétrica.,00:29:08,sociedade civil|voluntariado|capacidade|representacao,inexistente,convergente,alta
ENT-005,4.2.4,SOC5,percepcao,"[participante]: «não adianta o prefeito começar a gastar dinheiro, tem que mostrar: estamos fazendo tal e se preparar. Agora ninguém sabe o que vem pela frente»",A devolutiva é apontada como condição de sustentação política do investimento climático: gasto sem comunicação de resultado não se sustenta. Converge com o achado de ENT-004 sobre a corrosão da disposição privada pela baixa entrega percebida.,00:41:22,transparencia|devolutiva|comunicacao|investimento,inexistente,convergente,media
ENT-005,4.3.1,SOC7,declaracao,"[participante]: «o que a [entidade] tem de legal é que tem uma rede nacional. A gente pode acionar alguém no Rio, no Brasil inteiro, a gente vai achar pessoas que entendem de um assunto que podem ajudar (…) o papel que a gente faz é fazer essa ponte, que até extrapola internacionalmente»",OFERTA CONCRETA. A entidade se posiciona como intermediário de conhecimento — acesso a rede técnica nacional e internacional — em vez de executor. Capacidade barata de mobilizar e diretamente utilizável na fase de estruturação de projetos.,00:31:06,rede nacional|aprendizagem entre pares|cooperacao tecnica|ponte,em_implementacao,complementar,alta
ENT-005,4.3.1,SOC7,declaracao,"[participante]: «tive oportunidade recente, dois meses atrás (…) nós fomos visitar Medellín e fizemos uma super visita técnica lá. E lá foi o tripé de base brasileira: transporte público de Curitiba, mobilização social, favela-bairro do Rio como modelo, e orçamento participativo»","Há prática recente e ativa de aprendizagem entre pares internacional conduzida por atores locais, com leitura crítica do que é transferível. Base para cooperação técnica que não depende de iniciativa da prefeitura.",00:39:17,aprendizagem entre pares|visita tecnica|cooperacao internacional|orcamento participativo,em_implementacao,complementar,media
ENT-005,4.3.3,SOC2,percepcao,"[participante]: «ele saía rodando o Brasil, fazendo conferências, vendendo Maringá (…) e falando de sustentabilidade. É um prefeito que tem um perfil (…) só que tem que entregar. Então não pode ser só coach»","O posicionamento externo da cidade em torno da agenda de sustentabilidade é reconhecido como ativo político real, e imediatamente qualificado pela exigência de entrega. Registra tanto a janela de oportunidade quanto o risco reputacional de mantê-la sem resultado.",00:34:03,posicionamento|rede de cidades|lideranca|sustentabilidade,em_implementacao,complementar,alta
ENT-006,1.1.5,ACA1,declaracao,"[participante]: «uma delas são os alagamentos que estão acontecendo, apesar de ser uma cidade plana (…) em determinados pontos, canteiros, principalmente com a implantação de mais ciclovias, está sendo retirada área verde (…) as gramíneas estão sendo retiradas e colocado concreto»","Risco de alagamento confirmado, e imediatamente associado a uma causa de política pública municipal: a substituição de canteiro gramado por pavimento na implantação de ciclovia. Não é o clima agindo sobre a cidade, é a obra recente ampliando a exposição.",00:11:11,alagamento|impermeabilizacao|area verde|ciclovia|drenagem,em_implementacao,complementar,alta
ENT-006,1.1.5,ACA1,divergencia,"[participante]: «tinha gramínea, foi colocado agora com o projeto de implantação de ciclovia, e junto com isso é uma região que sempre alagou, já tem histórico, e agora diante disso tá piorando»","DIVERGÊNCIA. Uma intervenção de mobilidade sustentável foi executada em ponto com histórico conhecido de alagamento, impermeabilizando-o ainda mais. A ação climática de um setor agrava o risco climático de outro — caso concreto de maladaptação por falta de coordenação, e o único do corpus com localização precisa.",00:12:51,maladaptacao|ciclovia|alagamento|coordenacao|impermeabilizacao,em_implementacao,divergente,alta
ENT-006,1.1.5,ACA1,declaracao,"[participante]: «a praça no entorno da catedral era toda arborizada (…) foi remodelada. Então a área verde foi retirada de um lado (…) colocaram esses pisos permeáveis, mas mesmo assim, quando passa por ali em dias quentes, tem aquele reflexo (…) consequentemente aumenta, contribui para uma alteração climática, para aumento de temperatura»","Segundo caso de perda de cobertura vegetal por obra recente, no espaço público mais simbólico da cidade, com efeito declarado sobre conforto térmico e sobre o uso do lugar. Reforça que o vetor mais ativo de agravamento do risco térmico em Maringá é a própria obra pública.",00:15:00,ilha de calor|area verde|requalificacao|temperatura|espaco publico,em_implementacao,convergente,alta
ENT-006,1.1.4,ACA2,declaracao,[participante]: «o plano de arborização foi todo alterado do município. Então dentro desse plano eles procuraram por espécies que melhor se adaptam às condições climáticas (…) isso eu vejo como algo positivo em relação a esse combate das mudanças climáticas»,ACHADO POSITIVO. Existe instrumento setorial revisado com critério explícito de adaptação climática — a seleção de espécies arbóreas por aptidão ao clima futuro. É a única política municipal citada no corpus que incorporou critério climático sem se chamar de política climática.,00:17:31,plano de arborizacao|adaptacao|especies|instrumento setorial,regulamentado,isolada,alta
ENT-006,1.1.7,ACA2,lacuna,"[participante]: «eles vão lá, fazem a remoção, mas a substituição para ter outra no lugar acaba demorando muito (…) precisaria de um número maior de pessoas» / [entrevistador]: «não tá fechando a conta» / [participante]: «Tá em déficit»","LACUNA. A reposição arbórea não acompanha a remoção, e o déficit é percebido de fora sem que exista indicador público que o meça. O instrumento revisado (plano de arborização) não tem monitoramento correspondente — a política existe no papel e não no acompanhamento.",00:45:34,monitoramento|arborizacao|indicador|deficit|reposicao,em_implementacao,convergente,alta
ENT-006,1.2.1,ACA2,lacuna,"[entrevistador, sintetizando]: «você trouxe dois exemplos de ações da prefeitura que não têm a ver com mudanças climáticas, têm a ver com mobilidade, com desenho urbano, mas que estão impactando no resultado das mudanças climáticas»",LACUNA DE ATRIBUIÇÃO. Não há instância que avalie o efeito climático de obras conduzidas por outras pastas. A responsabilidade climática está alocada em um órgão e o impacto climático é produzido nos demais — desenho institucional que torna a maladaptação previsível. Dimensão «Muito alta».,00:16:16,responsabilidade|coordenacao|maladaptacao|transversalidade,inexistente,convergente,alta
ENT-006,1.2.2,ACA9,lacuna,"[participante]: «como que um condomínio desse porte [com 574 apartamentos] não foi feito nada [sobre coleta seletiva] e infelizmente só vai ser feito quando for autuado? Eu acho que a prefeitura precisa de uma fiscalização maior em cima disso, um rigor maior»",A capacidade de fiscalização ambiental é insuficiente para induzir cumprimento sem autuação. Relato inclui fauna silvestre de área de proteção adjacente alimentando-se em caçambas de resíduo do condomínio — falha de fiscalização com efeito ecológico direto.,00:21:09,fiscalizacao|capacidade institucional|residuos|coleta seletiva,inexistente,convergente,alta
ENT-006,1.2.2,ACA2,declaracao,[participante]: «precisou terceirizar um serviço aí para poder dar conta da demanda [de árvores] (…) eu vejo como positivo»,"A resposta à insuficiência de equipe própria foi a terceirização do serviço de manejo arbóreo, avaliada positivamente por seu efeito na redução de ocorrências. Solução de capacidade por contrato, e não por quadro — mesmo padrão do contrato com ICT externa em ENT-003.",00:45:34,capacidade|terceirizacao|arborizacao|contrato,em_implementacao,complementar,media
ENT-006,2.1.7,ACA2,percepcao,[entrevistador]: «A resposta tem sido a contento?» / [participante]: «acho que não dá conta. Teria que ter um número maior de pessoas trabalhando em prol disso»,"Avaliação externa de que a capacidade de resposta a desastre é insuficiente em pessoal. Diverge da leitura de ENT-005, que considera a resposta rápida — a diferença é o objeto: resposta imediata ao evento versus recomposição posterior do dano.",00:45:34,desastre|resposta|capacidade|equipe,em_implementacao,divergente,media
ENT-006,2.3.1,ACA2,declaracao,"[participante]: «um ponto de incentivo que eu vejo que o município tem é o IPTU verde. Eu acho isso muito positivo, porque se tem uma área verde destinada, uma coleta correta do lixo, tem caixa d'água, tem espaço verde. Tudo isso para contribuir para a diminuição da temperatura»","Quarta menção espontânea ao IPTU Verde, agora da academia e com detalhamento dos critérios técnicos premiados. O instrumento é reconhecido transversalmente por todos os setores entrevistados — e é o único que ocupa esse lugar no corpus.",00:17:31,IPTU verde|incentivo|receita propria|instrumento economico,regulamentado,convergente,alta
ENT-006,2.4.1,ACA2,oportunidade,"[participante]: «eu não sei se existe a prefeitura fazer uma parceria com as construtoras para essa divulgação, ou com as imobiliárias, os próprios corretores (…) de repente isso também é um incentivo para quem adquire o imóvel no município»","OPORTUNIDADE. Usar o mercado imobiliário como canal de difusão do IPTU Verde, alinhando o interesse comercial do corretor ao do instrumento. Custo público próximo de zero e resposta direta à lacuna de alcance informacional registrada em ENT-004.",00:19:57,IPTU verde|mercado imobiliario|divulgacao|parceria|incentivo,inexistente,complementar,alta
ENT-006,2.4.1,ACA2,declaracao,"[participante]: «alguns loteamentos mais recentes têm toda uma infraestrutura voltada, não todos, pensando nesse ponto de alteração de mudança de temperatura (…) só que infelizmente isso é melhor visto pelas grandes construtoras que vêm pro município»","Há investimento privado em infraestrutura adaptada, concentrado em loteamentos novos de grandes incorporadoras. A capacidade privada de construir adaptação existe e opera fora de qualquer arranjo com o município — o que a mantém restrita ao produto de mercado alto.",00:17:31,investimento privado|loteamento|construtoras|infraestrutura|adaptacao,em_implementacao,complementar,media
ENT-006,1.1.8,ACA9,divergencia,[participante]: «existe uma lei municipal onde tem um quadrado ali próximo da catedral que não pode ser construído edifícios (…) é uma região que perdeu o interesse do setor construtivo. E eu acho que vai faltar pouco aí para que essas grandes construtoras acabem derrubando essa lei»,"DIVERGÊNCIA PROSPECTIVA. Instrumento urbanístico que protege área verde central está sob pressão do mercado imobiliário, com expectativa declarada de revogação. A revisão da política pode se dar em sentido contrário ao da adaptação — risco de retrocesso regulatório que nenhum instrumento municipal monitora.",00:40:06,lei municipal|gabarito|pressao imobiliaria|retrocesso|area verde,regulamentado,divergente,media
ENT-006,3.1.1,ACA4,divergencia,"[participante]: «entra no site da prefeitura, tá tudo correto, tá tudo lá, os pontos de destino, os locais, mas quando você sai perguntando, não tem (…) o único lugar que eu encontrei (…) era uma vaga de garagem com um cesto metálico telado (…) tinha outros tipos de resíduos colocados lá também»","DIVERGÊNCIA VERIFICADA EM CAMPO. A informação publicada pelo município sobre pontos de destinação de resíduo eletrônico não corresponde à realidade, constatado por tentativa direta da participante. O dado público existe e está errado — o que é pior que ausência de dado para qualquer decisão que dele dependa.",00:21:09,dados|site da prefeitura|residuos eletronicos|qualidade do dado|divergencia,inexistente,divergente,alta
ENT-006,3.2.2,ACA4,lacuna,"[participante]: «aí coloca um supermercado, aí você vai no supermercado, aí tá lá roupa colocada junto com óleo de cozinha, colocada junto com pilha (…) Então tá tudo misturado. O município não gerencia»","A qualidade e a atualização da informação ambiental municipal não são geridas: pontos listados não operam como descrito e não há verificação. Dimensão «Muito alta» — e o caso mostra que o problema não é publicar, é manter.",00:21:09,qualidade do dado|atualizacao|gestao da informacao|residuos,inexistente,convergente,alta
ENT-006,3.2.1,ACA6,lacuna,"[entrevistador]: «existem hoje dados e estudos suficientes (…) ou isso ainda tá desconectado?» / [participante]: «Eu acho que existem essas lacunas, sim. Não tem essa conexão. O município ainda um pouco distante da academia» / «A adesão é muito baixa»","LACUNA CENTRAL. A universidade privada não tem canal com o município. Confirma, de outro ponto do sistema, o achado de ENT-004: a parceria científica registrada em ENT-003 é um caso isolado no órgão ambiental, não uma prática municipal. Dimensão «Muito alta».",00:27:41,universidade|parceria|academia|desconexao|cooperacao,inexistente,convergente,alta
ENT-006,3.2.1,ACA6,declaracao,"[participante]: «os professores muito se conhecem, fazem pesquisa em conjunto, até porque os programas de pós-graduação visam publicação, e hoje publicação é muito difícil a gente conseguir se não tem uma parceria com mais instituições de ensino»","As universidades da cidade já cooperam entre si, induzidas pela exigência de coautoria interinstitucional. Existe rede acadêmica funcionando — o elo ausente é apenas o município, o que torna a lacuna mais barata de fechar do que se a rede não existisse.",00:29:01,universidade|rede academica|cooperacao|publicacao,efetivo,complementar,alta
ENT-006,3.2.1,ACA7,oportunidade,"[participante]: «poderia criar um escritório para ter essas parcerias diretas com instituições de ensino (…) criar um setor dentro da prefeitura para isso, de pesquisa e desenvolvimento, um setor de P&D, de inovação (…) Não que fique só buscando soluções de outros países, porque às vezes a solução tá aqui mesmo»","OPORTUNIDADE ESTRUTURANTE. Proposta de unidade municipal dedicada a parceria com ensino e pesquisa, com argumento de adequação da solução ao contexto local. Responde simultaneamente à lacuna de parceria científica e à ausência de unidade de estruturação de projetos registrada em ENT-003.",00:34:09,escritorio de parcerias|P&D|inovacao|arranjo institucional|universidade,inexistente,isolada,alta
ENT-006,3.2.1,ACA7,oportunidade,"[participante]: «poderia ter projetos fixos com a prefeitura (…) fazer um projeto guarda-chuva, um projeto fixo, e esse projeto ir rodando conforme passam os anos. Ter um coordenador desse projeto, porque aluno é passageiro»","Desenho concreto para dar continuidade à parceria acadêmica: convênio guarda-chuva permanente com coordenação estável, sobre o qual rodam alunos de graduação e pós. Responde diretamente ao risco de descontinuidade que qualifica a divergência de ENT-003 (fluxo científico sem instrumento formal).",00:35:30,convenio|projeto guarda-chuva|continuidade|parceria|universidade,inexistente,complementar,alta
ENT-006,3.2.1,ACA5,declaracao,"[participante]: «eu tô propondo uma pesquisa agora com aluno de doutorado e de iniciação científica sobre retrofit sustentável (…) pegar um prédio público e fazer um retrofit, pensando principalmente na questão energética (…) estamos em busca desse contato do município para ver se a gente consegue a liberação»","OFERTA CONCRETA E PENDENTE. Pesquisa de retrofit energético de edifício público já desenhada, com edificação-alvo identificada, aguardando apenas autorização municipal. É capacidade técnica oferecida sem custo e travada por ausência de canal — o custo da lacuna de parceria, medido em um projeto específico.",00:31:03,retrofit|eficiencia energetica|predio publico|pesquisa|parceria,em_elaboracao,complementar,alta
ENT-006,3.2.1,ACA5,declaracao,[participante]: «a ideia é realizar [a análise de custos]»,"A pesquisa de retrofit prevê análise de custo comparada, o que a torna diretamente utilizável na estruturação financeira de um projeto de eficiência energética em ativo público — e não apenas como estudo técnico.",00:32:07,analise de custo|retrofit|estruturacao de projeto|eficiencia energetica,em_elaboracao,complementar,media
ENT-006,3.2.3,ACA4,declaracao,[participante]: «tem um projeto para falar de mudanças climáticas para fazer na região metropolitana (…) o clima em [município vizinho] tem muita alteração de temperatura pro clima de Maringá. Onde tem essa mudança de temperatura (…) uma pesquisa que tá começando (…) vai estudar essa parte de geoprocessamento»,Há pesquisa doutoral iniciando sobre gradiente térmico metropolitano por geoprocessamento — exatamente o tipo de dado de exposição que o município não produz. A entrevistadora registra que a informação era desconhecida da equipe: o dado de risco está sendo gerado sem que a prefeitura saiba.,00:38:02,geoprocessamento|ilha de calor|dados de risco|regiao metropolitana|pesquisa,em_elaboracao,complementar,alta
ENT-006,3.2.5,ACA4,lacuna,"[entrevistador]: «essa ligação entre essas pesquisas e a prefeitura, infelizmente não acontece» / [participante]: «É baixa. A adesão é muito baixa.»","LACUNA. O conhecimento produzido localmente não chega ao planejamento nem à estruturação de projeto. Dimensão «Muito alta»: sem essa integração, os projetos que a cidade apresentaria a um financiador não têm base técnica própria — e ela existe, na cidade, sem ser usada.",00:29:01,integracao|planejamento|pesquisa|projeto financiavel,inexistente,convergente,alta
ENT-006,4.1.4,ACA8,lacuna,"[participante]: «parceria com municípios vizinhos, até onde eu sei, é quando pega os municípios do setentrião paranaense (…) mas são questões mais voltadas para a área da saúde (…) em relação às mudanças climáticas, eu desconheço»","LACUNA. Existe arranjo de cooperação intermunicipal em funcionamento na região, com pauta de saúde, e ele não foi acionado para clima. A institucionalidade regional está montada — falta apenas incluir a agenda climática nela, o que é mais barato que criar consórcio novo.",00:38:02,cooperacao regional|consorcio|municipios vizinhos|saude,inexistente,convergente,alta
ENT-006,4.1.1,ACA8,lacuna,"[entrevistador]: «alguma parceria de mudança do clima do estado e município de Maringá?» / [participante]: «Pode ser que tenha, mas eu não tenho conhecimento»","A articulação climática com o Governo do Estado não tem visibilidade para a comunidade acadêmica local, o que sugere ausência de instrumento público de cooperação. Dimensão «Muito alta».",00:40:06,coordenacao estadual|Parana|articulacao|clima,sem_evidencia,complementar,baixa
ENT-006,4.2.1,ACA2,percepcao,"[participante]: «é claro que isso [a substituição de árvores] causa uma revolta, mas a maioria não entende, e também não dá para pedir opinião o tempo inteiro»","A implementação de uma medida de adaptação gerou reação social, e a leitura da participante é de que a consulta ampla é inviável. Registra a tensão entre eficácia técnica e legitimidade — e o custo político de executar adaptação sem processo participativo prévio.",00:17:31,participacao|arborizacao|conflito|legitimidade,em_implementacao,complementar,media
ENT-006,4.2.1,ACA3,oportunidade,"[participante]: «no próprio meio universitário carece de atenção, porque a gente não encontra isso dentro das universidades, que é um público que pode disseminar esse conhecimento (…) dentro do próprio terminal urbano, terminal intermodal, que toda a população acaba passando»","Dois territórios propostos para ação de sensibilização, escolhidos por capacidade de difusão e não por vulnerabilidade: a universidade como multiplicador e o terminal intermodal como ponto de passagem universal. Critério de alcance, aplicável a campanha de baixo custo.",00:26:16,participacao|sensibilizacao|universidade|terminal|difusao,inexistente,isolada,media
ENT-006,4.3.1,ACA6,declaracao,[participante]: «esses grupos existem [entre universidades]»,"A aprendizagem entre pares acontece no eixo acadêmico e por indução da política de pós-graduação, não por política municipal. É rede disponível e já operante, sem custo de criação para o município.",00:29:01,rede academica|aprendizagem entre pares|cooperacao,em_implementacao,complementar,media
ENT-007,1.1.5,SOC1,declaracao,"[participante]: «o que me vem na cabeça na hora é o aumento dos ventos e a queda das árvores (…) geralmente quando tem uma chuva com um vento maior, são centenas de árvores que caem (…) teve um caso bem emblemático, foram mais de 500 árvores»","Segunda confirmação, de outra entidade da sociedade civil, do vendaval como risco prioritário, com magnitude: centenas de árvores por evento. A arborização — principal ativo ambiental e identitário da cidade — é também seu maior vetor de dano em evento extremo.",00:06:56,vento|arborizacao|queda de arvores|evento extremo|risco,em_implementacao,convergente,alta
ENT-007,3.2.4,SOC3,declaracao,"[participante]: «essa questão acaba refletindo também as desigualdades da própria segregação urbana da cidade (…) áreas mais esquecidas, periféricas, que não têm jardinagem urbana (…) existe um cuidado com a arborização muito mais cuidadoso nas áreas centrais»","ACHADO DISTRIBUTIVO. A desigualdade territorial se reproduz na infraestrutura verde: a periferia tem menos arborização e menos manutenção. Consequência dupla — menor sombreamento e conforto térmico onde a vulnerabilidade é maior, e concentração do investimento de manutenção onde ela é menor. Dado de exposição que nenhuma base municipal citada no corpus organiza.",00:06:56,desigualdade territorial|segregacao|arborizacao|periferia|vulnerabilidade,inexistente,isolada,alta
ENT-007,1.1.4,SOC2,lacuna,"[participante]: «não tem um plano eficiente de remanejo, um plano de remanejo das árvores (…) a questão do remanejo e da substituição das árvores não foi uma coisa que teve repercussão ao longo da história»","LACUNA. O plano de arborização histórico definiu o plantio e nunca tratou da substituição do estoque envelhecido. A cidade tem uma política de implantação sem política de manejo — e é o envelhecimento desse estoque, somado ao vento, que produz o risco descrito.",00:06:56,plano de manejo|arborizacao|substituicao|politica setorial,inexistente,complementar,alta
ENT-007,1.1.7,SOC2,declaracao,[participante]: «esse atendimento emergencial tem acontecido (…) mas o emergencial e não o preventivo (…) eu tenho a sensação de que essa prevenção não tá sendo feita ainda»,"Distinção-chave repetida em todo o corpus, aqui formulada com precisão: a cidade responde bem à ocorrência e não age sobre a causa. É a definição operacional do que falta à condição habilitante de adaptação em Maringá.",00:12:39,prevencao|emergencia|manutencao|planejamento|adaptacao,em_implementacao,convergente,alta
ENT-007,1.2.2,SOC2,declaracao,[participante]: «a prefeitura não poda as árvores e tem uma fila de espera enorme. Isso virou um clichê na cidade: nem adianta pedir a poda porque não vai chegar (…) tem acontecido muitas podas irregulares e clandestinas justamente porque existe uma fila muito grande»,"ACHADO. A insuficiência de capacidade operacional gera efeito perverso mensurável: a fila de poda empurra o morador para a poda clandestina, que danifica a árvore e aumenta o risco de queda. A restrição de capacidade não apenas atrasa o serviço — ela produz o dano que o serviço deveria evitar.",00:12:39,capacidade|poda|fila|informalidade|risco,inexistente,convergente,alta
ENT-007,1.1.5,SOC1,declaracao,"[participante]: «tem uma relação muito importante com o uso do solo intensivo em volta das áreas dos parques (…) a questão dos poços artesianos em volta dos parques. Existem inúmeros poços artesianos, todos os prédios têm. Isso é uma coisa que é aprovada no âmbito do estado, não é no município (…) gerou uma discussão muito forte em volta do [parque central], da intensa impermeabilização (…) e uma problemática com o lençol freático»","ACHADO ISOLADO. Adensamento vertical no entorno do principal parque urbano, com impermeabilização e explotação difusa do aquífero por poços prediais licenciados pelo Estado. Risco hídrico cumulativo que nenhuma instância municipal regula e que nenhuma outra sessão menciona — e que atinge diretamente a área verde de maior valor ecológico e simbólico da cidade.",00:15:57,poco artesiano|lencol freatico|impermeabilizacao|parque|uso do solo|licenciamento estadual,inexistente,isolada,alta
ENT-007,1.2.1,SOC1,lacuna,"[participante]: «é uma cultura: todo prédio tem um poço artesiano, isso é aprovado no âmbito do estado, não é no município (…) não tem uma regulação municipal que olhe para isso com mais cuidado»","LACUNA DE COMPETÊNCIA. O licenciamento do recurso hídrico subterrâneo é estadual e o efeito é integralmente municipal. Sem instrumento local, o município não tem como internalizar no seu planejamento um risco que se materializa no seu território — segunda ocorrência no corpus de risco fora da alçada municipal (a primeira é energia, em ENT-005).",00:15:57,competencia|regulacao|recurso hidrico|licenciamento|coordenacao federativa,inexistente,complementar,alta
ENT-007,3.2.3,SOC4,oportunidade,"[participante]: «a primeira coisa: quase que um mapa de danos da arborização da cidade, ou um diagnóstico da situação (…) identificar na cidade quais são as árvores que precisam urgentemente ser derrubadas, podadas, substituídas (…) atrelado a um planejamento de curto, médio e longo prazo, com uma identificação de áreas críticas»","PRIORIDADE PROPOSTA. Inventário georreferenciado do estoque arbóreo com classificação de risco, articulado a plano de substituição e a recorte de áreas críticas. É projeto de dado de risco com escopo definido, custo modesto e efeito direto sobre a ocorrência que mais paralisa a cidade — o candidato mais maduro a projeto financiável surgido no corpus.",00:18:28,inventario arboreo|mapa de risco|diagnostico|plano de manejo|dados,inexistente,isolada,alta
ENT-007,2.1.5,SOC4,oportunidade,[participante]: «um investimento em um horto municipal (…) antigamente tinha um horto municipal (…) tinha um viveiro municipal que pensava nesse planejamento»,"Proposta de recuperar o viveiro municipal como ativo de suporte à política de arborização. Investimento de adaptação de baixo custo unitário e efeito prolongado, hoje inexistente na carteira do município — e que responde ao déficit de reposição registrado em ENT-006.",00:19:46,viveiro municipal|horto|investimento|adaptacao|arborizacao,inexistente,isolada,media
ENT-007,2.1.5,SOC4,oportunidade,"[participante]: «o estudo do rebaixamento ou não do sistema de iluminação pública (…) tem que ser muito realista, não dá para fazer na cidade como um todo do dia para a noite, mas ao mesmo tempo um planejamento que não considere só as áreas turísticas»","Proposta de estudo de viabilidade faseado do enterramento da rede, com critério explícito de equidade territorial contra a tendência de priorizar área turística. Qualifica a disputa registrada em ENT-005: o ponto não é fazer ou não fazer, é por onde começar.",00:19:46,rede subterranea|iluminacao publica|faseamento|equidade|estudo de viabilidade,inexistente,complementar,alta
ENT-007,3.1.1,SOC5,declaracao,"[participante]: «acho que já foi divulgado em algum momento um mapa de ocorrências de derrubadas de árvores. Isso inclusive era um mapa colaborativo (…) eu não sei exatamente em qual plataforma que tá, nem se foi descontinuado»","Houve instrumento colaborativo de registro de ocorrências e seu estado atual é desconhecido até para quadro técnico atuante na cidade. Descontinuidade — ou invisibilidade — de ferramenta de dado já construída, que é mais barato reativar do que recriar.",00:22:19,mapa colaborativo|dados|ocorrencias|descontinuidade|plataforma,em_elaboracao,complementar,media
ENT-007,3.1.1,SOC5,declaracao,"[participante]: «era atrelado com uma ouvidoria (…) então eu acho que a ouvidoria é um canal, só que acaba sendo também essa coisa da reclamação»","O único canal identificado de entrada de dado cidadão é a ouvidoria, orientada a reclamação individual. O município recebe ocorrência e não constrói série histórica nem leitura territorial a partir dela — dado gerado e não convertido em informação.",00:26:17,ouvidoria|dados|ocorrencia|canal|monitoramento,em_implementacao,complementar,alta
ENT-007,3.2.3,SOC5,declaracao,"[participante]: «uma das coisas que foi demarcada no plano diretor foi a concentração de áreas de risco (…) o local onde tem um lixão junto com uma área ambientalmente frágil (…) terrenos contaminados (…) Agora essa coisa do cotidiano, que é arborização urbana, esse nível de detalhamento não [existe]»","O mapeamento de risco existente no plano diretor cobre passivo ambiental grave e não cobre o risco climático cotidiano — queda de árvore, alagamento de rua, ilha de calor. A base de risco disponível está calibrada para a exceção catastrófica, não para o evento recorrente que produz o dano acumulado.",00:25:03,area de risco|plano diretor|mapeamento|passivo ambiental|escala,em_implementacao,complementar,alta
ENT-007,4.2.1,SOC6,declaracao,"[participante]: «Maringá não tem muito uma organização de movimentos populares (…) é engraçado porque ao mesmo tempo ela tem uma sociedade civil organizada, só que é voltada a uma classe empresarial e comercial»","ACHADO ESTRUTURAL. O capital associativo de Maringá — celebrado em ENT-005 — é de base empresarial, e não há contraparte popular organizada equivalente. Explica por que a participação nos canais formais é assimétrica e por que a agenda climática de recorte distributivo não encontra sujeito que a sustente.",00:26:17,participacao|movimentos populares|associativismo|assimetria|sociedade civil,inexistente,convergente,alta
ENT-007,4.2.1,SOC6,declaracao,[participante]: «durante a revisão do plano diretor teve um movimento muito forte de moradores de fundo de vale (…) eles se mobilizaram porque não conseguiam tirar o habite-se (…) existe um movimento bem forte que foi formado a partir da revisão do plano diretor»,Surgiu organização popular territorializada nas áreas de fundo de vale — justamente as de maior exposição a alagamento — a partir de um conflito regulatório. É o único sujeito coletivo popular identificado no corpus e o mais diretamente interessado na agenda de adaptação.,00:27:22,movimento popular|fundo de vale|plano diretor|mobilizacao|territorio,em_implementacao,isolada,alta
ENT-007,4.2.1,SOC6,declaracao,"[participante]: «para a gente conseguir mobilizar o pessoal para o plano de habitação foi no telefone, pessoas específicas (…) a gente consegue contar nos dedos as pessoas que sempre participam. Ainda é muito incipiente a participação popular»","A participação nos processos de planejamento depende de convocação pessoal de um grupo pequeno e recorrente. Converge com o diagnóstico de ENT-005 sobre a audiência pública, e vem de quem operou o processo participativo por dentro.",00:27:22,participacao|mobilizacao|planejamento|processo participativo,inexistente,convergente,alta
ENT-007,4.2.3,SOC7,divergencia,[participante]: «a gente teve uma carta de renaturalização das cidades (…) a gente foi lá e fez uma reunião [com a liderança do Executivo] e entregou tanto uma carta aos candidatos quanto essa carta (…) e possibilidades de parcerias» / [entrevistador]: «e depois não foi pra frente» / [participante]: «não teve nenhuma repercussão disso»,"DIVERGÊNCIA. Houve oferta formal e documentada de cooperação técnica de entidade profissional ao Executivo, no primeiro mês de gestão, sem resposta. Contradiz a leitura de abertura institucional ao tema — a disposição de cooperar existe do lado da sociedade civil técnica e não encontrou canal de recepção.",00:31:20,carta|cooperacao|conselho profissional|renaturalizacao|resposta institucional,inexistente,divergente,alta
ENT-007,4.2.3,SOC7,declaracao,[participante]: «o papel do [conselho] enquanto sensibilização dos órgãos públicos (…) Eu acho que o conselho ainda não chega muito na sensibilização da sociedade»,"A entidade se reconhece atuando sobre o poder público e não sobre a população. Delimita realisticamente o que se pode esperar dela: interlocução técnica qualificada, não capilaridade social.",00:29:55,conselho profissional|sensibilizacao|papel institucional,em_implementacao,complementar,media
ENT-007,4.2.3,SOC7,oportunidade,"[participante]: «a gente escreveu um artigo sobre isso (…) a ATHIS como ferramenta de adaptação climática, justamente pensando nas desigualdades territoriais (…) o arquiteto pode ser uma ponte entre a sociedade e o poder público (…) quase que territorializar o debate»","OPORTUNIDADE. Assistência técnica em habitação de interesse social proposta como instrumento de adaptação — retrofit de moradia vulnerável a calor e chuva, executado com trabalho técnico social territorializado. Liga política habitacional e agenda climática por um instrumento já existente e com fonte própria, e é o desenho mais concreto do corpus para adaptação com recorte distributivo.",00:32:45,ATHIS|habitacao|adaptacao|assistencia tecnica|equidade|territorio,em_elaboracao,isolada,alta
ENT-007,4.1.4,SOC8,declaracao,"[participante]: «o que chega mais próximo de uma governança é a [associação dos municípios da região], que é uma associação (…) o serviço do SAMU acontece com uma parceria por meio dela (…) eles têm uns dois arquitetos dentro da associação e, se um município não tem no quadro técnico arquiteto para fazer o projeto de uma escola, eles fornecem esse serviço»","ACHADO INSTITUCIONAL. Existe e funciona na região uma associação de municípios com estrutura permanente, reuniões mensais, serviço compartilhado de saúde e — o ponto decisivo — um corpo técnico que elabora projeto para municípios sem quadro próprio. É exatamente o modelo de unidade regional de preparação de projetos que falta à agenda climática, já montado e operando em outro objeto.",00:40:41,associacao de municipios|cooperacao regional|corpo tecnico|projeto|governanca,efetivo,isolada,alta
ENT-007,4.1.4,SOC8,lacuna,[entrevistador]: «existe uma cooperação regional ainda não para o tema (…) por que este tema não está sendo debatido na [associação]?» / [participante]: «eu acho que não [discutem a questão ambiental]»,LACUNA COM SOLUÇÃO À VISTA. A governança regional existente não tem pauta ambiental nem climática. Converge com ENT-006 (cooperação regional restrita à saúde): incluir o tema na instância que já funciona é caminho mais curto que criar consórcio climático novo.,00:41:51,cooperacao regional|pauta ambiental|associacao de municipios|lacuna,inexistente,convergente,alta
ENT-007,4.1.4,SOC8,lacuna,"[participante]: «a gente tem [dois municípios] que são conurbados com Maringá e que ainda não têm uma diretriz de planejamento que considere essa conurbação (…) o Estatuto da Metrópole traz a necessidade de ter esse plano, só que não tinha uma governança em torno disso»","O plano metropolitano foi elaborado sem estrutura de governança que o executasse. A escala em que o risco de fato se produz — a mancha conurbada — não tem instrumento vinculante, e o instrumento que existe não tem quem o opere.",00:39:34,conurbacao|regiao metropolitana|PDUI|governanca|Estatuto da Metropole,formalizado,complementar,alta
ENT-007,4.3.3,SOC2,percepcao,"[participante]: «toda a minha pesquisa de mestrado e doutorado foi focada em como Maringá trouxe a questão do planejamento urbano como um mito, como o paradigma do plano, quase que como uma forma de marketing. E isso muitas vezes acaba ficando só no discurso e não se concretizando em ações práticas»",Leitura acadêmica de que o prestígio de Maringá em planejamento urbano opera como capital reputacional descolado da prática. Qualifica com precisão o risco apontado em ENT-005 («não pode ser só coach»): o posicionamento externo é ativo real para captação e passivo real se a entrega não vier.,00:36:48,planejamento urbano|reputacao|discurso|posicionamento|marketing,em_implementacao,convergente,alta
ENT-007,2.1.4,SOC9,divergencia,"[participante]: «o que a gente mais ouve: o município tem dinheiro, tem superávit, só que não consegue executar os projetos»","ACHADO ESTRUTURANTE, TERCEIRA CONFIRMAÇÃO. A restrição declarada não é de receita, é de capacidade de executar. Converge com ENT-004 («não temos a ideia pronta») e com ENT-003 (IPTU Verde suspenso por capacidade administrativa), agora dito por quem observa o orçamento de fora. Reorienta o objeto do plano de ação: capacidade de estruturação e execução antes de captação de recurso novo.",00:46:36,superavit|execucao|capacidade|projeto|barreira|orcamento,inexistente,convergente,alta
ENT-007,2.2.3,SOC6,lacuna,[participante]: «falta muito uma apropriação da população do orçamento público em si. Orçamento participativo existe hoje em dia (…) mas eu ainda acho que a população não se sente pertencente a esse processo no sentido de depois cobrar que isso seja feito»,"Existe processo de orçamento participativo em funcionamento e ele não gera acompanhamento posterior da execução. O canal que poderia dar visibilidade ao gasto climático existe e opera sem devolutiva — condição que impede que a marcação orçamentária, se criada, seja socialmente monitorada.",00:43:49,orcamento participativo|execucao|controle social|pertencimento|PPA,em_implementacao,complementar,alta
ENT-007,1.1.7,SOC9,lacuna,"[participante]: «a gente escutou muito nos planos: ah, mas vai ser mais um plano de gaveta. Então a coisa do monitoramento e avaliação eu acho que não existe. E é aí que deveria ter essa participação de fato, contínua e não só pontual, quando precisa apresentar relatório de participação em eventos»","LACUNA. Ausência de monitoramento e avaliação nas políticas urbanas em geral, e leitura de que a participação é tratada como requisito formal de relatório. Converge com a lacuna de monitoramento climático de ENT-003 e ENT-004, e acrescenta a explicação da desmobilização: sem acompanhamento, a participação não produz efeito e a população deixa de comparecer.",00:51:42,monitoramento|avaliacao|plano de gaveta|participacao|devolutiva,inexistente,convergente,alta
ENT-007,4.2.3,SOC7,declaracao,[participante]: «Maringá tem tipo 2.500 OSCs (…) existe um associativismo muito grande na cidade. Inclusive a gente viu que Maringá é a capital do associativismo por lei»,"Densidade excepcional de organizações da sociedade civil, com reconhecimento legal. Base de capilaridade disponível para execução territorializada de política — e que hoje não está vinculada à agenda climática.",00:49:24,OSC|associativismo|capilaridade|sociedade civil|territorio,efetivo,convergente,alta
ENT-007,2.4.1,SOC7,oportunidade,"[participante]: «utilizar os instrumentos que a gente tem hoje, pelo MROSC, que permite o convênio ou fomento de associações. Eu acho que dá para capilarizar o serviço da gestão por meio dessas [organizações]»","OPORTUNIDADE. Uso do marco regulatório das organizações da sociedade civil para transferir execução territorial de ações climáticas a associações de bairro — com o exemplo da zeladoria urbana vinculada ao território. Instrumento jurídico já disponível, que converte a densidade associativa da cidade em capacidade de execução sem ampliar quadro público.",00:50:26,MROSC|convenio|fomento|OSC|execucao|zeladoria|capilaridade,inexistente,isolada,alta
ENT-007,4.2.4,SOC5,lacuna,[participante]: «talvez seja algum tipo de frustração das pessoas»,A baixa participação é lida como resultado acumulado de processos anteriores sem retorno. Terceira convergência do corpus sobre devolutiva (com ENT-004 e ENT-005): o custo de não devolver é a perda do próprio canal.,00:51:42,devolutiva|frustracao|participacao|confianca,inexistente,convergente,media
ENT-007,4.3.1,SOC7,oportunidade,"[participante]: «estamos à disposição enquanto conselho também (…) se for o caso da gente fazer algum evento, alguma coisa, apoiar, [estamos à] disposição»","Segunda oferta explícita de cooperação da entidade, agora em contato direto com a equipe do projeto. Registrada por contraste com a carta anterior sem resposta: a disponibilidade se mantém e depende apenas de o município acionar.",00:56:28,cooperacao|conselho profissional|oferta|parceria,inexistente,complementar,media
ENT-008,1.1.4,PUB1,declaracao,"[participante]: «a gente tá com uma contratação do plano de enfrentamento às mudanças climáticas, plano de adaptação à mudança climática. Então a gente tá com algumas ações andando»","Confirmação, de que o instrumento de adaptação do município é objeto de contrato em execução. Converge com ENT-003 e ENT-004 e fecha a leitura: em setembro de 2026 Maringá não tem política climática própria — tem um contrato que a produzirá.",00:22:43,plano de adaptacao|contrato|instrumento|enfrentamento,em_elaboracao,convergente,alta
ENT-008,1.1.4,PUB1,declaracao,"[participante]: «eu tenho plano de mudança climática que eu tenho inventário, cenários (…) São cinco etapas. A parte de inventário, a parte de proposição dos cenários, a parte de setores, e também nós temos dentro dele os recursos: possíveis pontos de captação de recursos para executar o plano»","Estrutura do plano contratado detalhada em cinco etapas, com inventário, cenários, recorte setorial e mapeamento de fontes. Confirma a sobreposição com o escopo da consultoria apontada como ponto de atenção em ENT-003 — e delimita onde ela está: na etapa de fontes.",00:46:37,plano de adaptacao|inventario|cenarios|captacao|escopo,em_elaboracao,convergente,alta
ENT-008,3.1.3,PUB4,declaracao,[participante]: «a parte de inventário»,"PRIMEIRA EVIDÊNCIA DA DIMENSÃO. O inventário municipal de GEE — prioridade «Muito alta» que atravessava todo o corpus sem qualquer evidência codificada — existe como etapa contratada do plano de enfrentamento, ainda não entregue. A lacuna deixa de ser total e passa a ser de prazo e de titularidade: o inventário será produto de consultoria, não capacidade instalada.",00:46:37,inventario de GEE|emissoes|MRV|plano|contrato,em_elaboracao,isolada,alta
ENT-008,1.1.5,PUB2,declaracao,"[participante]: «a gente não tem uma grande questão de risco e vulnerabilidade de inundação, alagamento, por conta do nosso planejamento urbano. A gente não tem ocupação em fundo de vale, a gente não tem área de morro (…) a grande questão de risco hoje tá muito mais ligada ao processo erosivo, alguns pontos que a gente já tem mapeado de alagamento»","Leitura oficial do perfil de risco: erosão como vetor principal e alagamento pontual e mapeado, sustentados pela ausência de ocupação em fundo de vale e de relevo acidentado. Delimita o risco a partir da estrutura urbana — e será contestado por outras sessões, que registram ocupação irregular de fundo de vale.",00:22:43,erosao|alagamento|fundo de vale|risco|planejamento urbano,em_implementacao,complementar,alta
ENT-008,1.1.5,PUB2,divergencia,"[participante]: «a gente não tem ocupação em fundo de vale» / [outra sessão, ENT-007]: «eu sei que tem algumas ocupações irregulares nas áreas de fundo de vale» e «teve um movimento muito forte de moradores de fundo de vale»","DIVERGÊNCIA ENTRE FONTES. A direção do órgão ambiental afirma inexistência de ocupação em fundo de vale; a sociedade civil técnica relata ocupações irregulares e um movimento organizado de moradores dessas áreas surgido na revisão do plano diretor. A divergência é registrada, não resolvida: se houver população em fundo de vale, o perfil de risco e o recorte de vulnerabilidade do diagnóstico mudam.",00:22:43,fundo de vale|ocupacao irregular|vulnerabilidade|divergencia|risco,em_implementacao,divergente,alta
ENT-008,1.1.5,PUB2,declaracao,"[participante]: «a nossa arborização urbana nos dá um conforto térmico, mas a folha em contato com a água atua como se fosse um plástico. Então ela ajuda a lacrar, impermeabilizar a nossa tubulação, e isso faz com que a gente tenha um problema pontual de alagamento»","Explicação técnica do mecanismo local de alagamento: a folhagem obstrui a rede e converte o principal ativo ambiental da cidade em fator de risco hidrológico. É o nexo causal que liga, em uma única cadeia, arborização, drenagem e manutenção — e que nenhuma outra sessão formula.",00:22:43,arborizacao|drenagem|obstrucao|alagamento|mecanismo,em_implementacao,isolada,alta
ENT-008,1.1.5,PUB2,declaracao,"[participante]: «a arborização e a gestão da arborização como um todo é o segundo ponto, que é um elemento central nosso em termos de vulnerabilidade mais direta»","A gestão da arborização é reconhecida pela própria direção ambiental como vulnerabilidade central. Converge com ENT-005, ENT-006 e ENT-007 — quatro sessões de três setores distintos apontando o mesmo objeto, a convergência mais forte do corpus.",00:25:06,arborizacao|vulnerabilidade|gestao|manutencao,em_implementacao,convergente,alta
ENT-008,1.2.2,PUB10,declaracao,"[participante]: «a falta de manutenção ao longo dos anos é o problema (…) a gestão de drenagem não tem o mesmo rigor técnico que a gente tem dentro de água e esgoto (…) talvez, se nós déssemos a manutenção adequada, talvez não tivéssemos chegado nesse ponto»","ACHADO. A direção do órgão ambiental atribui o risco atual não à mudança do clima, mas ao déficit acumulado de manutenção da drenagem, gerido com rigor técnico inferior ao de água e esgoto. Reposiciona o objeto do investimento: recuperação de ativo existente antes de obra nova.",00:25:06,manutencao|drenagem|deficit|rigor tecnico|ativo,inexistente,convergente,alta
ENT-008,3.1.1,PUB3,declaracao,"[participante]: «para planejamento nós temos o portal geo (…) que tem uma série de camadas, mas depende da escala. Se a gente fala de escala de planejamento regional, ela é boa. Se eu tô falando para escala da rua, o nível de detalhamento muitas vezes não pega»","Existe portal geoespacial municipal com camadas utilizáveis em escala de planejamento e insuficientes em escala de intervenção. Qualifica a lacuna registrada em ENT-004: o problema não é ausência de sistema, é resolução — e é justamente na escala da rua que o projeto de drenagem se define.",00:30:37,portal geo|dados geoespaciais|escala|resolucao|planejamento,em_implementacao,complementar,alta
ENT-008,3.2.2,PUB3,declaracao,[participante]: «a informação que a gente tem é informação de campo (…) a gente tem equipe de campo e nas idas a campo a gente tem esses levantamentos»,"O dado ambiental operacional é produzido por observação direta em campo, sem sistema de captura estruturado. A qualidade depende integralmente da presença da equipe — e é a mesma equipe descrita adiante como insuficiente. Dimensão «Muito alta».",00:28:04,dado de campo|levantamento|sistema|qualidade do dado,em_implementacao,convergente,alta
ENT-008,3.2.2,PUB3,declaracao,[participante]: «nós temos dissipadores com pontos finais de saída de água. São poucas pessoas que têm acesso a isso e a gente tá reconstruindo toda a base cadastral disso (…) uma das etapas do nosso plano de enfrentamento à mudança climática é justamente a reconstituição desses pontos»,"A base cadastral da infraestrutura de drenagem está sendo reconstituída dentro do plano climático — ou seja, o município não sabe hoje, de forma sistematizada, onde estão os pontos de saída de sua própria rede. Pré-condição de qualquer projeto financiável de drenagem, e está em construção.",00:30:37,base cadastral|drenagem|dissipadores|reconstituicao|dados,em_elaboracao,complementar,alta
ENT-008,3.2.2,PUB3,declaracao,"[participante]: «quem trabalha em gabinete não tem noção do que é. Para quem vê de longe, para quem vê por imagem de satélite, não consegue compreender (…) por mais que a gente tenha uma área que aparentemente tá florestada, tem alguns pontos que têm demanda de manutenção relativamente grande»",Limite declarado do sensoriamento remoto para o passivo de manutenção em área protegida: a cobertura vegetal aparente esconde a necessidade de intervenção. Argumento técnico para que o diagnóstico de adaptação não se apoie só em produto de imagem — com implicação direta de custo de levantamento.,00:28:04,sensoriamento remoto|satelite|campo|area protegida|diagnostico,em_implementacao,isolada,alta
ENT-008,1.2.1,PUB8,declaracao,"[participante]: «a Secretaria de Obras tem obrigação legal de fazer a implantação das redes, a Secretaria de Infraestrutura tem obrigação de fazer a manutenção das redes, e no olhar de nenhum deles — como fica dentro da área de APP — fica no limbo, fica com a gente»","ACHADO ESTRUTURANTE. A atribuição sobre a drenagem se define pelo domínio do território e não pela natureza do serviço: dentro de área de preservação, a rede vira responsabilidade ambiental. Cria uma zona sem titular efetivo exatamente no trecho onde a água chega ao rio. Dimensão «Muito alta».",00:31:47,competencia|APP|drenagem|lacuna de atribuicao|coordenacao,inexistente,convergente,alta
ENT-008,1.2.1,PUB8,declaracao,[participante]: «nós temos tanto as situações que são sobreposições — e aí é retrabalho — [quanto] lacuna do que não tá acontecendo. Mas eu acho que talvez o maior é a sobreposição. O mesmo serviço sendo executado por dois»,"A direção identifica sobreposição de atribuições como problema maior que a lacuna, com desperdício de capacidade já escassa. Nenhuma instância mapeia ou arbitra essas sobreposições — o que torna ganho de eficiência disponível sem custo orçamentário adicional.",00:50:33,sobreposicao|retrabalho|atribuicao|eficiencia|coordenacao,inexistente,complementar,alta
ENT-008,1.2.2,PUB10,declaracao,"[participante]: «dentro da área de projeto eu tenho um engenheiro e um arquiteto (…) a gente tá rodando hoje 40 projetos executivos de erosão. Nós estamos [tocando] o plano de saneamento e o plano de adaptação e mudança climática com duas pessoas. Rodando obra, eu já tô com obra dentro do parque com essas mesmas pessoas»","ACHADO CENTRAL, COM NÚMEROS. Duas pessoas respondem simultaneamente por 40 projetos executivos de contenção de erosão, pelo plano de saneamento, pelo plano de adaptação climática e pela fiscalização de obra em unidade de conservação. É a medida exata da restrição de capacidade que todo o corpus descreve qualitativamente. Dimensão «Muito alta».",00:37:15,capacidade tecnica|equipe|projeto executivo|erosao|sobrecarga,inexistente,convergente,alta
ENT-008,1.2.2,PUB10,declaracao,"[participante]: «eu tenho obrigação operacional com parque, obrigações de planejamento, de licenciamento, de monitoramento, de fiscalização, situações que acaba que ninguém faz e acaba ficando conosco»","Acúmulo de funções regulatórias, operacionais e de planejamento em uma mesma unidade, acrescido do resíduo institucional que nenhuma outra pasta assume. O órgão que deveria formular a política climática é o mesmo que opera parque, licencia e fiscaliza.",00:37:15,acumulo de funcoes|capacidade|licenciamento|fiscalizacao|estrutura,inexistente,convergente,alta
ENT-008,1.2.2,PUB10,declaracao,"[participante]: «hoje eu tenho as minhas obrigações diárias, então eu tenho a mesma equipe para resolver o meu problema diário e para planejar. E aí que tá a minha grande dificuldade»","Formulação precisa do gargalo: não há separação entre a equipe que opera e a que planeja. Enquanto isso não mudar, qualquer ampliação de fonte de recurso esbarra na mesma restrição — o que sustenta priorizar capacidade sobre captação no plano de ação.",00:45:03,capacidade|planejamento|operacao|equipe|gargalo,inexistente,convergente,alta
ENT-008,2.3.2,PUB6,declaracao,[participante]: «eu tenho fonte própria decorrente de autuação. A gente tem dentro do fundo municipal de meio ambiente uma rubrica específica que é a parte de autuação. E dentro da autuação eu tenho um mecanismo de conversão de multa em prestação de serviço que a gente tem usado»,"PRIMEIRA EVIDÊNCIA SUBSTANTIVA DA DIMENSÃO. O fundo municipal de meio ambiente é fonte ativa, alimentado por autuação, e opera conversão de multa em prestação de serviço. Dimensão «Muito alta» que seguia sem evidência codificada: o fundo existe, funciona e tem instrumento próprio — o que muda a pergunta de «existe?» para «qual o volume e a previsibilidade?».",00:38:33,FUNDEMA|fundo municipal|autuacao|conversao de multa|receita,em_implementacao,isolada,alta
ENT-008,2.3.2,PUB6,declaracao,"[participante]: «eu tenho uma outra [fonte] decorrente de um repasse feito pela [companhia de saneamento], especificamente para ações voltadas à proteção ambiental, que é onde a gente tem usado para fazer nesse momento os planejamentos, os projetos (…) são recursos do fundo municipal de meio ambiente»","ACHADO. O planejamento climático do município está sendo custeado por repasse contratual da concessionária de saneamento ao fundo ambiental. Fonte estável, vinculada a contrato de concessão, e que confirma a leitura de ENT-005: o contrato de concessão é veículo de financiamento ambiental já em uso, e não explorado como tal.",00:38:33,concessionaria|repasse|fundo municipal|saneamento|financiamento,em_implementacao,complementar,alta
ENT-008,2.1.1,PUB6,declaracao,"[entrevistador]: «O projeto que vocês têm com a [ICT externa], são recursos do tesouro municipal?» / [participante]: «fonte vinculada, do fundo de meio ambiente (…) Essa parte foi recurso próprio. Justamente eu precisava investir nisso para conseguir acessar esse [outro] recurso»","ACHADO. O município usou recurso próprio vinculado para contratar a elaboração de projeto, com a finalidade declarada de habilitar-se a fontes externas. É investimento em preparação de projeto — a etapa que ENT-004 registra como inexistente — feito com o único recurso carimbado de que a pasta dispõe.",00:42:24,recurso proprio|fundo municipal|preparacao de projeto|contratacao|alavancagem,em_implementacao,complementar,alta
ENT-008,2.1.4,PUB6,declaracao,"[participante]: «eu não consigo ir atrás do governo federal sem ter o projeto pronto (…) enquanto nós não temos projeto, não adianta a gente bater na porta do governo federal e do governo estadual. Se eu chego sem projeto, eu só tenho uma ideia»","ACHADO ESTRUTURANTE, DITO PELA DIREÇÃO. A sequência correta é reconhecida e está sendo executada: projeto primeiro, captação depois. Converge com ENT-004 («não temos a ideia pronta») e com ENT-007 («tem superávit e não consegue executar») — e mostra que o município já identificou o gargalo e começou a agir sobre ele. Dimensão «Muito alta».",00:35:52,preparacao de projeto|captacao|sequencia|projeto basico|elegibilidade,em_implementacao,convergente,alta
ENT-008,2.1.2,PUB6,declaracao,"[participante]: «no governo do estado a gente tem ações rodando via fundo estadual de meio ambiente, fundo estadual de calamidade pública (…) a partir de agora que eu tenho os primeiros anteprojetos, projetos básicos e planilha referencial, a gente começou a focar no fundo estadual de meio ambiente, no fundo de bens lesados, no fundo de calamidade pública»","Mapa das fontes estaduais efetivamente acessadas ou em prospecção, e a condição que destravou a prospecção: a existência de anteprojeto, projeto básico e planilha referencial. Dimensão «Muito alta» — e a evidência mostra o mecanismo, não só a fonte.",00:38:33,fundo estadual|calamidade publica|bens lesados|projeto basico|captacao,em_implementacao,complementar,alta
ENT-008,2.1.2,PUB7,declaracao,"[participante]: «estamos tentando ver agora — por ser período eleitoral não adianta — mas acabando o período eleitoral, a busca de recursos de emenda do governo federal. A gente tem recurso de emenda para algumas outras obras»","A via federal efetivamente utilizada é a emenda parlamentar, com janela condicionada ao calendário eleitoral. Financiamento por emenda é episódico e não programável — o que o torna incompatível com a natureza plurianual do investimento em adaptação.",00:38:33,emenda parlamentar|governo federal|captacao|calendario eleitoral,em_implementacao,complementar,alta
ENT-008,2.1.3,PUB7,divergencia,"[participante]: «tem alguns editais que acabam dando muito mais trabalho do que resultado (…) é muito para projeto piloto, muito para mentoria (…) a gente às vezes precisa de recurso para obra de fato (…) o custo dele pela quantidade de pessoas que eu tenho — eu só tenho uma [pessoa] para ficar participando de mentoria»","ACHADO CONTRAINTUITIVO. A oferta de financiamento climático por edital é avaliada como desfavorável: o custo de transação, medido em horas da única pessoa disponível, excede o benefício de aportes pequenos e de escopo piloto. Diverge frontalmente da premissa usual de que a barreira é a falta de oferta — aqui a oferta existe e é inadequada à escala do problema.",00:48:13,edital|custo de transacao|projeto piloto|financiamento climatico|escala,em_implementacao,divergente,alta
ENT-008,2.5.1,PUB7,oportunidade,"[participante]: «$100.000 é bom, mas eu consigo fazer um quarto de uma das minhas 40 erosões (…) na minha leitura, vale a pena a gente tentar buscar algum financiamento grande ou alguma linha de crédito grande, do que a gente ficar nesses editais»","POSIÇÃO DA DIREÇÃO SOBRE O DESENHO FINANCEIRO. Preferência explícita por operação de crédito de porte sobre a captação fragmentada, justificada pela escala do passivo (40 pontos de erosão). Orienta diretamente o plano de ação: a agenda é de estruturação de operação de crédito, não de participação em chamadas públicas.",00:48:13,linha de credito|operacao de credito|escala|financiamento|estrategia,inexistente,isolada,alta
ENT-008,2.3.3,PUB7,declaracao,"[participante]: «no programa Maringá Lixo Zero a intenção nossa é que a iniciativa privada faça investimento por conta própria. A gente tem estimulado eles a procurar a lei de incentivo à reciclagem (…) a gente especializou uma pessoa aqui para dar suporte, esse treinamento e proposta de projetos (…) acaba sendo um projeto privado para privado, que me evita ter que transformar esse recurso em recurso público»","ACHADO REPLICÁVEL. Estratégia deliberada de mobilizar renúncia fiscal federal para investimento ambiental sem que o recurso transite pelo orçamento municipal, com servidor capacitado para prestar o suporte técnico. É o mesmo desenho do instituto cultural relatado em ENT-005, aqui já operando na agenda ambiental — e é resposta direta à dimensão de diversificação de receitas.",00:43:40,lei de incentivo|reciclagem|renuncia fiscal|residuos|investimento privado|diversificacao,em_implementacao,convergente,alta
ENT-008,2.4.1,PUB7,oportunidade,"[participante]: «a gente tem discutido com a sociedade civil a possibilidade de doação de projeto, que é uma outra possibilidade»",Doação de projeto técnico pela sociedade civil e pelo setor privado como forma de suprir a capacidade de elaboração. Contrapartida não financeira que ataca diretamente o gargalo identificado — e que dialoga com as ofertas explícitas registradas em ENT-006 e ENT-007.,00:38:33,doacao de projeto|sociedade civil|contrapartida|capacidade|parceria,em_elaboracao,complementar,media
ENT-008,2.6.1,PUB7,declaracao,"[participante]: «nós participamos com a associação dos profissionais geógrafos. A gente participou de um projeto nacional e conseguimos recurso para fazer um projeto para criação de um parque. Isso tá sendo feito via entidade de classe, não a gente (…) a gente vai receber o projeto decorrente de um convênio por uma entidade parceira nossa»","ACHADO OPERACIONAL. Captação bem-sucedida feita por entidade de classe parceira, que capta e entrega o produto ao município — contornando a restrição de equipe e a burocracia de habilitação. Arranjo já testado e replicável, e o exemplo mais concreto de cofinanciamento indireto no corpus.",00:38:33,entidade de classe|convenio|captacao indireta|parceria|projeto,em_implementacao,isolada,alta
ENT-008,2.6.3,PUB4,oportunidade,"[participante]: «a gente tá fazendo uma calculadora de valorização de custo de redução de carbono, justamente para tentar deixar isso mais claro (…) todo mundo só olha a diferença do álcool para a gasolina pelo valor financeiro, mas ninguém vê a diferença do impacto ambiental»",Instrumento em desenvolvimento para precificar redução de carbono em decisões correntes de compra e operação. É o embrião de uma capacidade de valoração — pré-requisito tanto para acesso a mercado de carbono quanto para marcação climática de despesa.,00:52:56,calculadora|carbono|valoracao|precificacao|decisao,em_elaboracao,isolada,media
ENT-008,1.1.1,PUB1,declaracao,"[participante]: «o projeto descarbonização de frota, utilizando algumas fontes alternativas de combustível»","Confirma, do lado do órgão ambiental, o projeto de substituição de combustível da frota relatado em ENT-004 pela secretaria executora. As duas pontas reconhecem a mesma ação — a coordenação, aqui, funcionou.",00:43:40,descarbonizacao|frota|combustivel|mitigacao,em_implementacao,convergente,alta
ENT-008,2.1.4,PUB6,declaracao,"[participante]: «eu tenho quatro projetos em paralelo: a modernização do licenciamento; o projeto descarbonização de frota; o projeto Maringá Lixo Zero, que é a busca de tecnologias de gestão de resíduo para a gente encerrar o nosso aterro; e o projeto de enfrentamento às mudanças climáticas»","Existe carteira estruturada de quatro projetos, com objetivos definidos e um deles orientado ao encerramento do aterro. Qualifica o achado de ENT-004: a ausência de carteira vale para as pastas executoras, não para o órgão ambiental — a capacidade de estruturar projeto existe, concentrada em uma unidade e em duas pessoas.",00:43:40,carteira de projetos|aterro|licenciamento|residuos|estruturacao,em_implementacao,divergente,alta
ENT-008,4.1.1,PUB9,declaracao,"[participante]: «as atividades do instituto hoje são muito locais, basicamente ações de impacto local, [em] que a interferência maior é governo do estado e município (…) o mais longínquo hoje seria o nível federal»","A articulação vertical se concentra no Estado, e a federal é a mais distante — por natureza da ação e por ausência de projeto habilitado. Dimensão «Muito alta»: a relação com o Paraná é o canal efetivo, e é por ele que passam os fundos citados.",00:34:33,coordenacao estadual|governo federal|articulacao|escala,em_implementacao,complementar,alta
ENT-008,4.2.3,PUB8,declaracao,"[participante]: «grande parte da sociedade civil organizada faz parte dos conselhos municipais, inclusive do conselho de meio ambiente, conselho de unidade de conservação (…) Conselho de Meio Ambiente, Conselho de Unidade de Conservação, Conselho do Fundo de Meio Ambiente»","Há três conselhos ambientais em funcionamento, com participação de sociedade civil organizada, inclusive um dedicado ao fundo. A estrutura formal de participação ambiental existe — o que torna a proposta de ENT-005 (levar a pauta ao conselho econômico) uma questão de alcance decisório, não de ausência de instância.",00:34:33,conselho|COMDEMA|unidade de conservacao|fundo|participacao,em_implementacao,convergente,alta
ENT-008,3.2.1,PUB3,declaracao,"[participante]: «a gente tem discussões com a universidade (…) consumimos algumas informações decorrentes de pesquisa (…) a gente tem alguns profissionais aqui dentro do instituto que são pesquisadores ou foram pesquisadores pós-doc, que são professores»","Confirma o fluxo com a universidade registrado em ENT-003, e revela seu mecanismo: ele existe porque há pesquisadores no quadro do próprio órgão. A parceria científica é sustentada por trajetória pessoal de servidores, não por instrumento — o que qualifica a divergência do piloto e explica por que ela não se estende às demais secretarias.",00:34:33,universidade|pesquisa|parceria|quadro tecnico|informalidade,em_implementacao,convergente,alta
ENT-008,4.2.4,PUB10,lacuna,"[participante]: «eu não tenho uma pessoa para comunicar (…) a comunicação da prefeitura atende as [demais secretarias], por mais que a gente tenha um bom relacionamento, no fim das contas acaba sendo mais um (…) Conselho de Meio Ambiente, Conselho de Unidade de Conservação (…) isso gera produção e conteúdo e a gente não tem capacidade para dar vazão»","LACUNA. O órgão que concentra a agenda ambiental não tem estrutura própria de comunicação, e o conteúdo produzido pelos conselhos não circula. Explica o próprio diagnóstico do participante — de que a população não associa o serviço prestado à agenda climática — e converge com a lacuna de divulgação do IPTU Verde em ENT-004.",00:55:23,comunicacao|transparencia|devolutiva|capacidade|conselhos,inexistente,convergente,alta
ENT-008,4.2.1,PUB10,percepcao,"[participante]: «a gente ainda tem uma dificuldade de comunicação entre causa e consequência. As pessoas falam muito da consequência, mas o correlacionamento entre causa e consequência ainda é [difícil]»","Diagnóstico da direção sobre o obstáculo à legitimidade da ação climática: a população percebe o dano e não o associa à causa nem ao serviço que o previne. É o argumento que sustenta tratar comunicação como condição habilitante, e não como acessório do plano.",00:52:56,comunicacao|percepcao|causa e consequencia|legitimidade|participacao,inexistente,convergente,alta
ENT-008,1.2.2,PUB1,percepcao,"[participante]: «considerando a referência de Maringá em relação ao resto do Brasil, a gente tem um nível de maturidade muito acima de praticamente todas as outras cidades (…) o nosso maior problema é a dificuldade das pessoas reconhecerem situações, porque aqui já é normal»","Autoavaliação de maturidade acima da média nacional, atribuída à trajetória histórica de planejamento, com a ressalva de que o resultado é invisível localmente por ter se tornado padrão. Contrasta com a autoavaliação de estágio inicial de ENT-004 e com a leitura de ENT-007 sobre o mito do planejamento — a divergência de percepção de maturidade dentro da própria prefeitura é, ela mesma, um achado.",00:19:49,maturidade|planejamento urbano|autoavaliacao|percepcao|referencia,em_implementacao,divergente,alta
ENT-009,1.1.5,PRI1,declaracao,"[participante]: «os problemas principais são alagamentos e seca. São dois pontos. E agora também tornados (…) os tornados que nós víamos aqui eram os ventos. Nunca houve essa palavra tornado. Eram ventos assim de 50, 60, 70 km. Ventos de 200, 300 km, nunca»","Tríade de risco — alagamento, seca e vento de alta intensidade — com registro de mudança qualitativa no fenômeno eólico. Confirma a seca apontada em ENT-005 como risco reconhecido fora do bloco público, e é a segunda menção do corpus a um risco que a leitura oficial não prioriza.",00:05:44,alagamento|seca|tornado|vento|risco climatico,em_implementacao,convergente,media
ENT-009,1.1.5,PRI1,declaracao,"[participante]: «quando fizeram o projeto paisagístico não pensaram muito bem nisso. Por exemplo, a gente tem [uma espécie exótica de grande porte], é lindo, uma árvore africana, mas a raiz dela é muito superficial. E nós temos centenas de milhares (…) elas acabam sendo um risco tanto para a parte de abastecimento de energia quanto para a própria população, risco de vida»","Causa técnica da queda de árvores identificada na escolha de espécies exóticas de enraizamento superficial no projeto paisagístico original. É a explicação estrutural para a convergência de quatro sessões sobre arborização como vulnerabilidade — e implica substituição de estoque, não apenas manejo.",00:05:44,arborizacao|especie exotica|raiz superficial|queda de arvore|risco,em_implementacao,complementar,alta
ENT-009,1.1.4,PRI2,lacuna,"[participante]: «a gente tem um plano de arborização aqui já aprovado de legislações passadas, mas ele não tem sido muito bem efetivado. Se destoca uma árvore, mas não replanta (…) alguns pontos que eu tô vendo que estão meses sem [reposição]»",LACUNA DE IMPLEMENTAÇÃO. O plano de arborização existe em norma e não é executado na etapa de reposição. Converge com o déficit relatado em ENT-006 e com a ausência de plano de manejo apontada em ENT-007 — três sessões independentes descrevendo a mesma falha.,00:05:44,plano de arborizacao|reposicao|implementacao|deficit,formalizado,convergente,alta
ENT-009,3.2.4,PRI1,declaracao,"[participante]: «nos bairros novos nós não temos praticamente arborização. A zona central, que você viu muito bonita, bem cuidada, é uma coisa; a periferia é outra totalmente diferente. Não tem fiscalização (…) no passeio público, nas calçadas, o pessoal não planta»","Segunda confirmação da desigualdade territorial da infraestrutura verde (a primeira é ENT-007), com acréscimo relevante: o loteamento novo nasce sem arborização e a fiscalização não alcança nem o centro nem a periferia. O passivo se amplia a cada novo empreendimento.",00:08:39,desigualdade territorial|periferia|bairros novos|arborizacao|fiscalizacao,inexistente,convergente,alta
ENT-009,3.2.3,PRI4,declaracao,"[participante]: «nós temos aqui um estudo da [universidade pública] que mostra que em torno do [parque central] é 5º a menos, ou seja, mais fresco do que [em um bairro novo] que praticamente não tem árvore ou que tem árvores muito baixas»","DADO DE EXPOSIÇÃO EXISTENTE. Estudo acadêmico local quantifica diferença de 5 °C entre o entorno do parque central e bairro novo sem arborização. Converge com a pesquisa de gradiente térmico metropolitano relatada em ENT-006: há produção local sobre ilha de calor, e ela não alimenta o planejamento. Dimensão «Muito alta».",00:22:25,ilha de calor|temperatura|estudo|universidade|dados de exposicao,em_implementacao,convergente,alta
ENT-009,1.1.6,PRI2,declaracao,"[participante]: «na legislação municipal foi demandado o dobro de área do que o Código Florestal determina (…) a mata ciliar aqui é o dobro. Se o [Código] determina o mínimo de 30, aqui é 60; se é 50, é 100. Então toda a região — inclusive a parte rural — eles não cumprem, porque não tem fiscalização»","ACHADO. A norma ambiental municipal é mais exigente que a federal na faixa ciliar, e a exigência não é fiscalizada. Padrão que se repete em todo o corpus: a condição habilitante normativa está acima da média e a de implementação está abaixo — o gargalo não é legislar.",00:08:39,mata ciliar|Codigo Florestal|legislacao municipal|fiscalizacao|alinhamento,formalizado,convergente,alta
ENT-009,1.1.8,PRI2,divergencia,"[participante]: «agora o [órgão ambiental municipal] (…) sancionado pela prefeitura (…) é você não precisar de nenhum laudo técnico, como por exemplo o RIMA, estudos de impacto ambiental, de vizinhança. Esses estudos você não precisa para abrir uma indústria, um loteamento (…) você vai lá e assina um termo dizendo que vai cumprir a legislação»","ALEGAÇÃO DE RETROCESSO REGULATÓRIO. Relato de decreto municipal que teria substituído a exigência de estudo de impacto ambiental e de vizinhança por termo de compromisso do empreendedor. Registrada como divergência a verificar documentalmente na Matriz 2 (o decreto e sua redação), não como fato: é alegação de parte interessada, em sessão, e contradiz frontalmente a narrativa de maturidade de ENT-008. Se confirmada, é o achado regulatório mais grave do corpus.",00:08:39,licenciamento|EIA-RIMA|estudo de impacto|decreto municipal|retrocesso,inexistente,divergente,baixa
ENT-009,1.2.2,PRI9,divergencia,"[participante]: «ele tirou todas as pessoas de carreira que realmente falavam: não, você não vai instalar essa indústria poluidora aqui (…) tirou todas essas pessoas [do órgão ambiental]»","ALEGAÇÃO DE ESVAZIAMENTO TÉCNICO. Relato de afastamento de servidores de carreira das funções de análise ambiental por decisão política. Registrada como divergência a triangular: diverge da leitura de ENT-008, que atribui a fragilidade da equipe à ausência de priorização orçamentária ao longo de oito anos, não a afastamento deliberado. As duas leituras descrevem a mesma escassez com causas opostas.",00:14:28,capacidade tecnica|quadro de carreira|licenciamento|esvaziamento,inexistente,divergente,baixa
ENT-009,2.6.3,PRI6,oportunidade,[participante]: «eu vou tirar essas [árvores] e tenho que reflorestar em qualquer lugar 10 mudas para cada árvore (…) não se faz a contagem de estoque de carbono que essa árvore tem e que ela estava captando. Tinha que ser feita a mensuração de carbono para fazer uma compensação equiparada»,OPORTUNIDADE TÉCNICA. Proposta de substituir a compensação por contagem de mudas por compensação equiparada em estoque de carbono mensurado. Converte a compensação ambiental em ativo quantificável e dialoga diretamente com a calculadora de valoração de carbono em desenvolvimento no órgão ambiental (ENT-008).,00:11:37,compensacao ambiental|estoque de carbono|mensuracao|credito de carbono|equiparacao,inexistente,isolada,alta
ENT-009,2.1.5,PRI3,oportunidade,"[participante]: «primeiro, galerias pluviais (…) foi feito um estudo [em que] foi instalado um poço de infiltração e deu certo. Esse poço custou R$ 30.000 (…) o professor que organizou esse estudo falou: pelo menos 100 poços precisariam aqui em Maringá (…) Já tem 3 anos que esse poço tá lá e não colmatou»","PROJETO PRONTO, COM CUSTO E VALIDAÇÃO. Poço de infiltração testado em campo há três anos sem colmatação, custo unitário de R$ 30 mil e escala necessária estimada em 100 unidades — cerca de R$ 3 milhões. É a proposta de investimento em adaptação mais barata, mais específica e melhor evidenciada de todo o corpus, e está parada.",00:17:06,poco de infiltracao|drenagem|projeto piloto|custo|escala|adaptacao,inexistente,isolada,alta
ENT-009,3.2.1,PRI4,declaracao,[participante]: «eu conversei com o professor que organizou esse estudo»,"O estudo do poço de infiltração foi produzido pela academia local e validado em campo, e não foi convertido em programa municipal. Mais um caso do padrão registrado em ENT-006: conhecimento local disponível e não integrado à decisão de investimento.",00:17:06,universidade|estudo|drenagem|integracao|parceria,em_implementacao,convergente,media
ENT-009,2.4.2,PRI7,declaracao,"[participante]: «a [companhia de saneamento], que tem a concessão aqui, teve a concessão renovada (…) e ela não cumpriu o plano de saneamento ainda da cidade. Tem vários pontos de bairros que não têm saneamento»","Alegação de descumprimento do plano de saneamento por concessionária com contrato renovado. Contrasta com ENT-008, que registra repasse da mesma concessionária ao fundo ambiental: o contrato de concessão é simultaneamente fonte de recurso ambiental e objeto de inadimplemento alegado. Ponto a verificar documentalmente.",00:17:06,concessao|saneamento|plano de saneamento|contrato|cobranca,em_implementacao,divergente,media
ENT-009,1.1.5,PRI1,declaracao,"[participante]: «a gente já ficou sem água aqui, mais de 10 dias, porque deu uma enchente e queimou as bombas de captação (…) que é no rio [único ponto de captação] (…) o ponto de captação poderia ser o rio [de outra bacia], que é uma outra alternativa»","Segunda confirmação independente do desabastecimento por alagamento da captação (a primeira é ENT-005), com a mesma proposta de redundância entre bacias. Duas fontes de setores diferentes descrevendo o mesmo evento e a mesma solução — a convergência mais específica do corpus sobre infraestrutura crítica.",00:17:06,abastecimento|captacao|redundancia|bacia|infraestrutura critica,inexistente,convergente,alta
ENT-009,2.3.2,PRI5,divergencia,"[participante]: «tem dinheiro, tem mais de 30 milhões lá no [fundo do órgão ambiental]. Poderia fazer isso, não fazem»","ALEGAÇÃO DE SALDO NÃO EXECUTADO. Relato de mais de R$ 30 milhões disponíveis no fundo ambiental sem aplicação. Se confirmado, inverte o diagnóstico da dimensão: o problema do fundo municipal não seria de arrecadação, e sim de capacidade de executar — o que converge exatamente com o gargalo de duas pessoas descrito em ENT-008. Valor a verificar em balanço na Matriz 2.",00:17:06,FUNDEMA|fundo municipal|saldo|execucao|capacidade,em_implementacao,divergente,baixa
ENT-009,2.1.2,PRI6,declaracao,"[participante]: «o dinheiro tá aí, do governo federal. Eu mesmo tô participando de um recurso da FINEP junto com a [universidade]. Tem 500 milhões lá, 500 milhões voltados para isso. E ninguém vai atrás»","Há chamada federal de porte acessível via parceria com universidade, e a participação em curso é da iniciativa privada com a academia, sem o município. Confirma o padrão de ENT-008 (captação bem-sucedida ocorre por entidade parceira, não pelo município) e mostra que a janela federal está aberta.",00:41:47,FINEP|recurso federal|universidade|captacao|chamada publica,em_implementacao,complementar,media
ENT-009,2.1.4,PRI9,percepcao,"[participante]: «e quando vai atrás tem gente sempre querendo morder (…) a falta de vontade de trabalhar com isso, porque infelizmente politicamente isso não dá voto. Não dá voto»","Duas barreiras alegadas à captação: risco de desvio e ausência de retorno eleitoral do investimento em prevenção. A segunda é estrutural e independe de qualquer juízo sobre a primeira — obra que evita dano não é visível, e por isso perde na disputa orçamentária.",00:41:47,captacao|economia politica|prevencao|incentivo eleitoral|barreira,inexistente,isolada,media
ENT-009,1.1.8,PRI6,oportunidade,"[participante]: «todos os prédios de Maringá agora serão obrigados a serem construídos de uma forma para captar a água da chuva, para ele ter o próprio abastecimento (…) usar um teto verde, pelo menos, maior área de permeabilidade — não é só uma calçada de paver, mas áreas realmente permeáveis. Isso pode ser feito por forma de lei»","OPORTUNIDADE REGULATÓRIA. Exigência de captação de água pluvial, cobertura verde e permeabilidade efetiva no código de obras, com custo assumido pelo empreendedor. Instrumento de adaptação sem impacto orçamentário direto, e que responde à impermeabilização apontada em ENT-006, ENT-007 e ENT-008.",00:41:47,codigo de obras|captacao pluvial|teto verde|permeabilidade|regulacao,inexistente,isolada,alta
ENT-009,2.4.1,PRI9,divergencia,"[participante]: «não deixar instalar (…) o data center (…) eles estão gastando 72 milhões em desapropriação já. Aí vai gastar mais uns 40, 50 milhões só para mudar uma rua (…) para uma empresa que não vai gerar um emprego aqui, nenhum, e vai sugar a água da gente»","DIVERGÊNCIA SOBRE PRIORIDADE DE INVESTIMENTO. Alegação de aporte público expressivo em desapropriação e infraestrutura viária para atrair empreendimento intensivo em água, em cidade cuja captação é de ponto único. Registra o conflito entre política de atração econômica e agenda hídrica — e a ordem de grandeza citada supera em muito qualquer valor de investimento climático mencionado no corpus. Verificar na Matriz 2.",00:49:01,data center|desapropriacao|agua|atracao de investimento|conflito|prioridade,em_implementacao,divergente,baixa
ENT-009,3.1.1,PRI4,lacuna,"[participante]: «eu, como advogada, ainda tenho dificuldade de encontrar certos documentos que deveriam ser muito mais acessíveis, porque são públicos. Eu queria achar uma certa licitação ou dispensa, algum processo — eu tenho dificuldade para encontrar»","LACUNA DE ACESSO. Dificuldade de localizar licitações, dispensas e processos administrativos relatada por profissional do direito. Se o acesso é difícil para quem tem formação jurídica, o rastreamento do gasto climático por terceiros é inviável — o que qualifica o achado de ENT-005 sobre o observatório social operar como capacidade externa.",00:22:25,transparencia|acesso a informacao|licitacao|processo|dados,inexistente,convergente,alta
ENT-009,4.2.3,PRI7,declaracao,"[participante]: «infelizmente a sociedade civil tem poucos [espaços], como o instituto de que eu faço parte (…) é por meio dele que eu tenho me movimentado, fiscalizado os órgãos públicos — não só a prefeitura, o próprio [órgão ambiental estadual] também — cobrando do Ministério Público»","Existe organização técnica ambiental atuando como fiscal externo e acionando o Ministério Público. Segunda estrutura de controle social identificada no corpus, ao lado do observatório de contas de ENT-005 — ambas fora da administração e não articuladas a ela.",00:26:35,OSC|controle social|fiscalizacao|Ministerio Publico|sociedade civil,em_implementacao,convergente,media
ENT-009,4.2.3,PRI7,divergencia,"[participante]: «depois que eu saí, [a entidade] tá calada. Colocaram uma pessoa que não entende nada da área ambiental para ser representante no conselho (…) o prefeito anterior, a pedido dele, eu fui retirada do [conselho municipal de meio ambiente] porque eu fiz denúncias»","ALEGAÇÃO DE ESVAZIAMENTO DA REPRESENTAÇÃO. Relato de substituição de representante técnica em conselho ambiental após denúncias, e de perda de qualificação técnica da cadeira. Registrada como divergência frente a ENT-008, que descreve os conselhos como espaço ativo de participação da sociedade civil organizada. A existência formal do conselho e a qualidade efetiva de sua representação são coisas distintas.",00:26:35,conselho|COMDEMA|representacao|participacao|esvaziamento,em_implementacao,divergente,baixa
ENT-009,4.2.3,PRI7,declaracao,"[participante]: «eu escrevi 25 sugestões quando era presidente da comissão do meio ambiente [da entidade profissional] (…) eu entreguei nas mãos [da liderança do Executivo], com 25 ideias baseadas em ciência e legislação federal»","SEGUNDA OFERTA TÉCNICA ENTREGUE E SEM DESDOBRAMENTO. Documento com 25 propostas fundamentadas entregue diretamente ao Executivo, sem retorno relatado. Converge exatamente com a carta de ENT-007: a sociedade civil técnica de Maringá produz e entrega proposta ao poder público, e não há fluxo institucional que a receba, avalie e responda.",00:31:11,proposta|entrega|resposta institucional|sociedade civil|devolutiva,inexistente,convergente,alta
ENT-009,4.2.1,PRI7,lacuna,"[participante]: «educação ambiental (…) não pode ser mais transversal, ela tem que ser uma disciplina, que até agora não foi implantada no município e nem pelo estado. Tem lei federal desde 2023. Até agora nada»","Alegação de norma federal de educação ambiental não implementada em âmbito municipal e estadual. Sinaliza um canal de formação disponível e não acionado, relevante para a lacuna de percepção causa–consequência que ENT-008 identifica como obstáculo central.",00:31:11,educacao ambiental|lei federal|implementacao|formacao|participacao,inexistente,complementar,media
ENT-009,4.2.1,PRI7,declaracao,"[participante]: «eu dou muitas palestras sobre mudanças climáticas para crianças, adolescentes, para empresários (…) gratuitamente (…) eu percebo que eles escutam, mas não conectam com a realidade. Só conectam quando acontecer um desastre»","Terceira formulação convergente do mesmo diagnóstico (com ENT-004 e ENT-008): a informação circula e não se converte em nexo causal percebido, e a conexão só se faz depois do dano. Aqui vem de quem faz a atividade de sensibilização de forma voluntária e continuada.",00:28:04,sensibilizacao|percepcao|educacao|desastre|comunicacao,em_implementacao,convergente,alta
ENT-009,4.1.4,PRI8,declaracao,"[participante]: «esqueça os outros [municípios], é mil vezes pior. Não tem nem secretaria do meio ambiente, a grande parte. Não tem esgoto, não tem tratamento, não tem nada»","Assimetria de capacidade na região: os municípios conurbados não têm sequer estrutura ambiental. Qualifica a proposta de cooperação regional das demais sessões — a articulação não seria entre pares, e sim de Maringá como prestador de capacidade, no modelo do corpo técnico compartilhado descrito em ENT-007.",00:33:29,cooperacao regional|capacidade|municipios vizinhos|assimetria|saneamento,inexistente,convergente,alta
ENT-009,1.1.5,PRI1,declaracao,"[participante]: «uma inundação igual aconteceu aqui já em Maringá, [em um bairro] novo (…) tem calçadas impermeáveis e praticamente não tem arborização. Foi planejado [por autor renomado] e o projeto dele foi totalmente modificado»","Novo bairro planejado, executado com alteração do projeto original, com calçada impermeável e sem arborização — e com inundação registrada. Quarto caso no corpus de risco produzido por obra recente (após ciclovia, praça central e loteamentos), o que consolida a maladaptação por projeto como vetor ativo em Maringá.",00:33:29,maladaptacao|impermeabilizacao|bairro novo|inundacao|projeto,em_implementacao,convergente,media
ENT-009,3.2.5,PRI4,lacuna,"[participante]: «as ideias nós temos. Eu fiz de graça, não cobrei nada, porque realmente eu tô esperando que façam isso»","Terceira oferta de trabalho técnico gratuito registrada no corpus (com ENT-006 e ENT-007), e a terceira sem desdobramento. O insumo técnico para o planejamento está disponível a custo zero e o gargalo permanece na capacidade de recebê-lo e convertê-lo em projeto. Dimensão «Muito alta».",00:41:47,oferta tecnica|voluntario|integracao|planejamento|capacidade,inexistente,convergente,alta
ENT-009,2.2.2,PRI9,percepcao,[participante]: «eu tenho visto muitas pessoas usando esse dinheiro de forma incorreta (…) deveria haver uma seriedade no tratamento desse recurso para focar realmente na nossa resiliência»,"Percepção de má aplicação de recurso ambiental, sem elementos verificáveis apresentados na sessão. Registrada exclusivamente como percepção de baixa confiança, em sessão sem TCLE; não deve alimentar o diagnóstico. Seu valor analítico é indireto: a ausência de rastreamento do gasto climático — dimensão «Muito alta» sem evidência positiva no corpus — é o que torna essa percepção impossível de confirmar ou afastar.",00:41:47,rastreamento de gastos|transparencia|percepcao|controle|recurso,sem_evidencia,isolada,baixa
ENT-009,2.4.1,PRI6,oportunidade,"[participante]: «isso também pode ser feito por forma de [incentivo], usar um teto verde (…) Isso já é uma outra situação focada aí no que eles tanto querem: evolução econômica»","Sugestão de acoplar a exigência ambiental ao vetor de expansão imobiliária que a cidade já tem, em vez de opô-la a ele. Mesma lógica da proposta de ENT-006 (usar o mercado imobiliário como canal do IPTU Verde): trabalhar com o incentivo existente, não contra ele.",00:41:47,incentivo|mercado imobiliario|teto verde|regulacao|investimento privado,inexistente,complementar,media
ENT-010-ENT-011,1.1.5,SOC1,declaracao,"[participante A]: «o que a gente levantou de variáveis: umidade relativa (…) já tá muito próximo do limiar de 60% (…) A questão de ilhas de calor também chamou bastante atenção. É o número de dias com temperatura média acima de 35º, também numa crescente»","Diagnóstico climático em elaboração identifica umidade relativa no limite de conforto e tendência de aumento de dias acima de 35 °C. Primeira quantificação do risco térmico no corpus a partir de série histórica, e não de percepção.",00:11:56,umidade relativa|ilha de calor|temperatura|serie historica|diagnostico,em_elaboracao,complementar,alta
ENT-010-ENT-011,1.1.5,SOC1,declaracao,[participante A]: «a gente olhou para a precipitação. Um duplo risco hídrico: tanto chuvas muito fortes na época de chuva quanto uma seca mais severa também na época de seca. Então teria os dois extremos»,"ACHADO. O perfil de risco hídrico de Maringá é de dois extremos no mesmo ciclo anual — chuva mais intensa e estiagem mais severa. Confirma tecnicamente a seca apontada em ENT-005 e ENT-009 como risco subestimado, e implica que a adaptação hídrica não pode ser só drenagem.",00:11:56,duplo risco hidrico|precipitacao|seca|extremos|diagnostico,em_elaboracao,convergente,alta
ENT-010-ENT-011,1.1.5,SOC1,declaracao,"[participante A]: «a gente fez também uma análise de eventos extremos. A maior parte que tem ali é trovoada (…) no histórico, primeiro a trovoada bem significativa e ventania abaixo. E esse perfil vai mudando (…) a ventania chega a ficar quase igual, muito próximo do que tem de trovoada»","ACHADO QUANTITATIVO. A série histórica de eventos extremos mostra a ventania convergindo em frequência para a trovoada, que era dominante. É a validação estatística do que quatro sessões relataram por percepção — o vento como risco emergente — e o dado que sustenta priorizar arborização e rede elétrica.",00:11:56,vento|ventania|evento extremo|serie historica|tendencia,em_elaboracao,convergente,alta
ENT-010-ENT-011,3.2.3,SOC1,declaracao,"[participante A]: «os lugares mais vulneráveis são ali os fundos de vale, que daí bate também com a parte de erosão e drenagem. E muitas vezes as áreas mais cheias mesmo da cidade (…) não tem favela propriamente dito, mas algo mais próximo disso, de muito aglomerado, muito impermeável, e acaba alagando muito»","A equipe técnica que produz o diagnóstico localiza a vulnerabilidade em fundos de vale e em áreas densas e impermeáveis. Terceira posição sobre o mesmo objeto: ENT-008 nega ocupação em fundo de vale, ENT-007 relata ocupação irregular, e aqui o fundo de vale aparece como área mais vulnerável. Dimensão «Muito alta».",00:11:56,fundo de vale|vulnerabilidade|adensamento|impermeabilizacao|alagamento,em_elaboracao,divergente,alta
ENT-010-ENT-011,1.1.5,SOC1,declaracao,"[participante B]: «a maioria dos problemas de erosão no município são causados pela ineficiência da drenagem (…) tem uma boca de lobo entupida, às vezes não é nem a ineficiência, foi uma má manutenção, e a água acabou escoando por cima e gerando aquele processo erosivo (…) muitos dos nossos pontos de alagamento estão próximos a pontos erosivos»","ACHADO TÉCNICO TRIANGULADO. A erosão — risco número um segundo ENT-008 — é consequência de falha de manutenção da microdrenagem, e não fenômeno autônomo. Converge com o diagnóstico da direção ambiental («a falta de manutenção ao longo dos anos é o problema») a partir de levantamento independente em campo.",00:14:52,erosao|drenagem|manutencao|boca de lobo|causa,em_implementacao,convergente,alta
ENT-010-ENT-011,1.1.5,SOC1,declaracao,"[participante B]: «lá eles não têm muitos problemas de macrodrenagem, que seria as inundações de fato (…) eles têm uma APP de 60 m, então têm bastante área para esse escoamento (…) Agora de alagamentos, que seria a questão da microdrenagem, sim»","Distinção técnica decisiva: não há inundação de macrodrenagem, e sim alagamento de microdrenagem. Confirma que a faixa ciliar dobrada relatada em ENT-009 tem efeito hidrológico real e protege a cidade — a norma mais exigente produziu resultado. O investimento necessário é de rede local e manutenção, não de grande obra fluvial.",00:14:52,macrodrenagem|microdrenagem|APP|inundacao|alagamento|faixa ciliar,em_implementacao,convergente,alta
ENT-010-ENT-011,3.2.3,SOC1,declaracao,"[participante B]: «inicialmente a gente tinha 38 pontos (…) em que a gente cruzou tanto da Defesa Civil quanto pontos que o município trouxe para nós, mas eles são alocados em n partes do município»","Existe base de 38 pontos críticos de alagamento, construída pelo cruzamento de registros da defesa civil com indicação do município, distribuídos por toda a cidade. É a base de risco mais concreta identificada no corpus, e nasceu do contrato — não de sistema municipal permanente.",00:14:52,pontos criticos|alagamento|defesa civil|base de dados|mapeamento,em_elaboracao,complementar,alta
ENT-010-ENT-011,1.1.5,SOC1,declaracao,"[participante B]: «dentro do parque ali que tem muita árvore, a quantidade de folhas é grande, entopem bueiros e ali se causa um problema de alagamento»",TRIANGULAÇÃO CONFIRMADA. O mecanismo folha–obstrução–alagamento descrito pela direção do órgão ambiental (ENT-008) é confirmado independentemente pela equipe técnica em campo. Deixa de ser hipótese de um gestor e passa a ser achado do diagnóstico.,00:14:52,folhas|obstrucao|bueiro|arborizacao|alagamento|drenagem,em_implementacao,convergente,alta
ENT-010-ENT-011,1.2.2,SOC2,declaracao,"[participante B]: «a prefeitura tem tido um cuidado com a cidade quanto à limpeza dessas bocas de lobo (…) eles contrataram uma empresa privada que faz toda a limpeza para eles. Recentemente eles adquiriram (…) aquele robô que entra nas tubulações e faz a medição das tubulações (…) ele vai até a obstrução, indica que tem uma obstrução, e é feita a limpeza»","ACHADO POSITIVO. Há contrato de limpeza terceirizado e aquisição recente de robô de inspeção de rede — capacidade técnica nova, adquirida e em uso. Confirma de fora o contrato citado em ENT-004 e mostra investimento em diagnóstico de ativo, exatamente onde o corpus registra o maior déficit de manutenção.",00:17:09,robo de inspecao|drenagem|manutencao|contrato|tecnologia,em_implementacao,isolada,alta
ENT-010-ENT-011,3.2.3,SOC3,declaracao,"[participante A]: «a gente tá cruzando exposição, sensibilidade e capacidade adaptativa (…) Tem uma dificuldade nisso em coleta de dados. A gente pelo menos não conseguiu até agora muito mais informação do que o IBGE»","LACUNA CENTRAL DE DADOS. A análise de vulnerabilidade está sendo construída praticamente só com base censitária nacional, por ausência de dado municipal. O município não dispõe de informação própria sobre quem é vulnerável no seu território. Dimensão «Muito alta».",00:19:13,vulnerabilidade|exposicao|sensibilidade|IBGE|dados municipais,inexistente,convergente,alta
ENT-010-ENT-011,3.2.4,SOC3,declaracao,"[participante A]: «o que a gente já identificou é uma população um pouco idosa, tem bastante idoso lá, e isso tende a crescer no que a gente projetou para os próximos anos (…) só que não conseguimos identificar onde estão essas populações»","ACHADO DEMOGRÁFICO. Maringá tem população mais idosa que a média nacional, com tendência de crescimento — o grupo mais sensível a onda de calor. A informação agregada existe e a distribuição territorial não, o que impede desenhar medida de adaptação dirigida.",00:19:13,idosos|envelhecimento|sensibilidade|onda de calor|dados territoriais,em_elaboracao,isolada,alta
ENT-010-ENT-011,3.2.4,SOC3,oportunidade,"[participante A]: «tentar mapear: se eu não vou conseguir identificar onde estão esses idosos, eu vou conseguir identificar quantos deles estão próximos a uma área de saúde ou a uma medida de adaptação»","Solução metodológica adotada diante da ausência de dado: usar a rede de unidades de saúde como proxy de acesso da população sensível. Registra tanto a criatividade técnica quanto o custo da lacuna — a medida de adaptação será desenhada sobre aproximação, não sobre dado.",00:19:13,proxy|unidade de saude|adaptacao|metodologia|dados,em_elaboracao,complementar,media
ENT-010-ENT-011,3.2.4,SOC3,declaracao,"[participante B]: «a gente mapeou que a parte central da cidade era a que tinha maior densidade demográfica e por isso talvez um risco maior de exposição. Só que ao mesmo tempo (…) é a maior renda do município, onde estão os prédios e condomínios de maior luxo. E tem uma grande quantidade de arborização, os parques estão todos naquela região»","ADVERTÊNCIA METODOLÓGICA. Densidade demográfica isolada aponta o centro como área de risco, e o cruzamento com renda e cobertura arbórea inverte a leitura. Alerta direto contra diagnósticos de vulnerabilidade baseados em variável única — e explica por que o setor censitário «bagunçou» a análise preliminar.",00:21:23,densidade demografica|renda|arborizacao|metodologia|vulnerabilidade,em_elaboracao,complementar,alta
ENT-010-ENT-011,3.2.4,SOC3,divergencia,"[participante B]: «a gente conversou bastante com a prefeitura: em Maringá não existem invasões, então eles não têm nenhum número registrado. Segundo eles, o número é zero (…) muito perto de Maringá, grudado, tem [município conurbado], e é ali que estão as invasões»","DIVERGÊNCIA CENTRAL DO CORPUS. A prefeitura informa oficialmente zero ocupações irregulares; ENT-007 relata ocupações em fundo de vale e um movimento organizado desses moradores; ENT-008 nega ocupação em fundo de vale. Se o número oficial for zero por ausência de registro e não por ausência do fenômeno, toda a análise de sensibilidade do plano de adaptação está sendo construída sobre uma lacuna — e a população mais exposta fica fora dela. Divergência preservada para verificação documental.",00:21:23,ocupacao irregular|invasao|registro|vulnerabilidade|divergencia|dados,inexistente,divergente,alta
ENT-010-ENT-011,4.1.4,SOC8,declaracao,"[participante B]: «[no município conurbado] está o maior grau de violência e tudo mais, e é muito próximo de Maringá. Então até nos próximos estudos eu imagino que alguma vulnerabilidade vai vir naquela faixa em que tá cruzando Maringá com [o vizinho]»","A vulnerabilidade socioeconômica se concentra na faixa de conurbação, e o plano em elaboração já antecipa que o risco aparecerá ali. Converge com ENT-007 sobre a ausência de diretriz de planejamento para a conurbação — o risco é metropolitano e o instrumento é municipal.",00:21:23,conurbacao|vulnerabilidade|faixa de fronteira|cooperacao regional|escala,em_elaboracao,convergente,alta
ENT-010-ENT-011,4.1.4,SOC8,lacuna,"[entrevistador]: «Você tem visto alguma parceria (…) para lidar com questões que vão para fora do município?» / [participante B]: «eu imagino que deva haver (…) mas isso foge da nossa alçada, a gente realmente não sabe se existe essa articulação»","A equipe que elabora o plano climático não tem informação sobre articulação com o município conurbado, e o escopo contratado é estritamente municipal. O instrumento nasce sem a escala em que o risco se manifesta.",00:28:01,cooperacao regional|escopo|articulacao|plano|escala,sem_evidencia,complementar,alta
ENT-010-ENT-011,3.1.1,PUB3,declaracao,"[participante A]: «tem muita coisa que eles já têm, mas às vezes ficou obsoleto, ou é difícil de conseguir (…) às vezes nem o [órgão ambiental] tem a informação. Não é o problema de não ter a informação, é que é difícil acessá-la. Às vezes falta uma governança de dados»","ACHADO ESTRUTURANTE, DE FONTE TÉCNICA EXTERNA. O problema não é ausência de dado, é governança: o que existe está desatualizado ou inacessível, inclusive para o próprio órgão contratante. Reformula a dimensão de sistema municipal de dados — a prioridade é catalogar, atualizar e dar acesso, não coletar de novo. Dimensão «Muito alta».",00:23:16,governanca de dados|acesso|obsolescencia|sistema municipal|catalogo,inexistente,convergente,alta
ENT-010-ENT-011,3.1.1,PUB3,declaracao,"[participante B]: «é muito descentralizado. O nosso contratante é o [órgão ambiental], então a gente necessita do caminho dele para chegar até o [instituto de planejamento]. E um detém uma parte da informação e o outro detém outra parte (…) Não somos só nós, são eles mesmos: cada um faz o seu, e muitas vezes não há essa conversa entre eles»","O dado é propriedade de fato de cada secretaria, e o acesso depende de intermediação hierárquica. Converge com ENT-004 («depende de solicitação ativa») e com ENT-003: a interoperabilidade não existe nem entre os órgãos, o que multiplica custo e tempo de qualquer diagnóstico.",00:24:22,descentralizacao|silos|interoperabilidade|dados|secretarias,inexistente,convergente,alta
ENT-010-ENT-011,3.2.2,PUB3,divergencia,"[participante A]: «o inventário arbóreo, que é um [pelo qual] eles ganharam um prêmio, a gente ainda não teve acesso (…) eles oferecem muito mais do que a gente tem acesso publicamente, mas eles não nos deram esses mapas (…) eu acredito que vai ter, porque quando eles virem esse cruzamento e virem que a capacidade adaptativa deles tá baixa, aí eles vão falar: não, mas a gente tem isso»","ACHADO CRÍTICO E DIVERGÊNCIA. Existe inventário arbóreo municipal premiado — e a consultoria contratada para produzir o plano de adaptação não tem acesso a ele. Isso reposiciona a lacuna registrada em ENT-007 (que propõe criar um mapa de danos da arborização): o inventário pode já existir. Ao mesmo tempo, o diagnóstico oficial de capacidade adaptativa será calculado sem ele, e portanto abaixo do real. É o custo da falta de governança de dados, medido em um produto público concreto.",00:26:03,inventario arboreo|acesso|capacidade adaptativa|dados|premio|divergencia,em_implementacao,divergente,alta
ENT-010-ENT-011,1.2.1,PUB8,lacuna,"[participante A]: «a gente propôs ao município estabelecer esse comitê (…) duas ou três sugestões de tipos de comitê, deliberativo ou consultivo, porque isso também é uma premissa para os financiamentos e até para o plano. O ideal é que já tivesse esse comitê para a gente discutir a construção do plano, mas acabou não acontecendo»","LACUNA DE GOVERNANÇA, COM PROPOSTA JÁ NA MESA. Não existe instância intersetorial de coordenação climática, ela foi formalmente proposta pela consultoria e não foi constituída — e sua ausência afeta tanto a elaboração do plano quanto a elegibilidade a financiamento. Dimensão «Muito alta»; é a recomendação com maior grau de convergência entre os dois contratos em curso na cidade.",00:29:11,comite|governanca|coordenacao|elegibilidade|financiamento|arranjo,inexistente,convergente,alta
ENT-010-ENT-011,1.2.1,PUB8,oportunidade,"[participante A]: «esse comitê é o que vai ajudar também a integrar essas informações. Porque é colocar quem tem cada um desses mapas e informações numa sala para ver o que pode melhorar, e aí cada um vai contribuir com a sua informação. É bem isso que falta»","O comitê é proposto como solução simultânea para governança de dados e coordenação horizontal: a mesma instância que decide é a que reúne quem detém a informação. Responde de uma vez às duas lacunas «Muito alta» mais recorrentes do corpus, e com custo institucional baixo.",00:31:22,comite|governanca de dados|integracao|coordenacao|solucao,inexistente,isolada,alta
ENT-010-ENT-011,2.1.4,SOC9,declaracao,"[participante B]: «projetos bem estruturados, com começo, meio e fim, rastreabilidade, transparência. Eu imagino que seja o número um (…) hoje a gente tem essa realidade: tem fundos disponíveis, mas não se tem projetos que se adequam aos fundos»","QUARTA CONFIRMAÇÃO DO ACHADO CENTRAL. Consultoria especializada em financiamento climático identifica a ausência de projetos estruturados como barreira número um, com oferta de fundos disponível. Converge com ENT-004, ENT-007 e ENT-008 — quatro fontes independentes, de quatro setores, apontando o mesmo gargalo. Dimensão «Muito alta».",00:34:47,preparacao de projeto|fundos|estruturacao|rastreabilidade|barreira,inexistente,convergente,alta
ENT-010-ENT-011,2.1.5,PUB6,declaracao,"[participante A]: «a gente tem um levantamento de possibilidades de financiamento (…) umas cinco páginas ali do nosso relatório (…) é uma parte, mas é uma parte muito importante»","O plano contratado inclui levantamento de fontes com extensão limitada, e a própria equipe reconhece a assimetria entre a importância do tema e o espaço que ele ocupa no produto. Delimita com precisão a complementaridade entre os dois contratos e afasta o risco de sobreposição apontado em ENT-003.",00:29:11,fontes de financiamento|escopo|plano|complementaridade,em_elaboracao,complementar,alta
ENT-010-ENT-011,1.2.2,PUB10,declaracao,"[participante A]: «a gente já entregou o inventário e já estamos com o cenário pronto, mas eles ainda não conseguiram corrigir o inventário, então já atrasou (…) a gente precisa das devolutivas deles, e essas devolutivas às vezes demoram um ou dois meses, e aí acaba cascateando»","ACHADO OPERACIONAL. O cronograma do plano climático atrasa na etapa de validação pelo município, com devolutivas de um a dois meses. A restrição de capacidade descrita em ENT-008 — duas pessoas para tudo — tem aqui seu efeito medido: ela não atrasa apenas o que a prefeitura executa, atrasa também o que ela contratou.",00:42:51,cronograma|devolutiva|validacao|capacidade|atraso|contrato,em_implementacao,convergente,alta
ENT-010-ENT-011,2.1.4,PUB6,declaracao,"[participante B]: «a parte de erosão, em que a gente vai desenvolver os projetos executivos para 50 pontos pré-estabelecidos pelo município. Junto com os projetos executivos vem um EVTE, um estudo de viabilidade técnica, econômica e ambiental de cada ponto, anteprojeto, cronograma»","ACHADO DECISIVO PARA A CARTEIRA. Estão sendo produzidos projetos executivos com estudo de viabilidade técnica, econômica e ambiental para 50 pontos de erosão. Ao fim do contrato Maringá terá exatamente aquilo cuja ausência é apontada como barreira número um — uma carteira de projetos prontos para captação. (ENT-008 cita 40 pontos; a diferença deve ser conferida no termo de referência.)",00:06:07,projeto executivo|EVTE|erosao|carteira|viabilidade|captacao,em_elaboracao,convergente,alta
ENT-010-ENT-011,2.1.5,PUB6,declaracao,"[participante B]: «a terceira parte é o plano de drenagem. Juntamente com ele vêm as manchas tanto de alagamento quanto de inundação, e anteprojetos para diferentes pontos (…) viu a necessidade de se implantar alguma bacia de contenção, vão ser disponibilizados anteprojetos»","O plano de drenagem entregará manchas de alagamento e inundação e anteprojetos de bacias de contenção. Somado aos 50 projetos executivos de erosão, é a base técnica de uma estratégia financeira de adaptação — que hoje não existe como documento, mas cujos insumos estarão prontos.",00:04:16,plano de drenagem|mancha de alagamento|bacia de contencao|anteprojeto|adaptacao,em_elaboracao,complementar,alta
ENT-010-ENT-011,3.1.3,PUB4,declaracao,[participante A]: «em paralelo fazendo o inventário de carbono (…) a gente já entregou o inventário»,"CONFIRMAÇÃO INDEPENDENTE. O inventário municipal de GEE já foi entregue ao município e aguarda validação. Converge com ENT-008 e altera o estado da dimensão «Muito alta»: de inexistente para produzido e pendente de aceite — o gargalo é a devolutiva, não a produção.",00:03:11,inventario de GEE|carbono|entrega|validacao|MRV,em_elaboracao,convergente,alta
ENT-010-ENT-011,4.1.2,PUB9,divergencia,[entrevistador]: «vocês ficaram sabendo da iniciativa [federal] que tá promovendo planos de adaptação para diversos municípios? Eu pergunto porque eu acho que Maringá tá também» / [participante B]: «a gente perguntou [ao órgão ambiental] e eles não tinham informação nenhuma (…) não se há nenhuma integração»,"ACHADO SOBRE COORDENAÇÃO FEDERAL. Maringá teria aderido a um programa federal de planos de adaptação, e nem o órgão ambiental contratante nem a consultoria que elabora o plano municipal têm informação a respeito. Risco concreto de dois planos de adaptação paralelos para a mesma cidade, sem integração — o mesmo alerta de sobreposição levantado em ENT-003, agora na escala federativa. Verificar a adesão na Matriz 2.",00:39:56,AdaptaCidades|governo federal|adesao|sobreposicao|coordenacao|plano,inexistente,divergente,alta
ENT-010-ENT-011,4.2.1,SOC6,declaracao,[participante A]: «a gente teve um questionário para a meta 3 (…) mas não teve muitas respostas (…) a partir de setembro a outubro a gente vai fazer algumas audiências públicas e aí é que a gente vai saber mais do engajamento»,"A consulta pública do plano climático teve baixa adesão em formato digital e as audiências ainda não ocorreram. Converge com ENT-007: a participação em Maringá não se produz por canal aberto, exige mobilização ativa — e o plano chega à fase de audiência sem essa mobilização feita.",00:36:57,consulta publica|audiencia|engajamento|participacao|adesao,em_elaboracao,convergente,alta
ENT-010-ENT-011,4.2.1,SOC6,declaracao,"[participante A]: «quando a gente tá em campo, visitando um ponto de erosão, eles vêm perguntar o que estão fazendo (…) muitas vezes já dão uma opinião (…) e também lá tem muita horta urbana. Eles têm um cuidado com as hortas urbanas que eu nunca vi (…) cada família tem um leito e cada um cuida do seu (…) sempre tem alguém cuidando»","ACHADO POSITIVO. Engajamento territorial ativo observado em campo, e hortas urbanas com manutenção comunitária efetiva e continuada. Confirma o diagnóstico de ENT-005 e ENT-007 — a mobilização existe no território e não nos canais formais — e identifica as hortas como estrutura comunitária já operante, aproveitável para adaptação de base local.",00:36:57,horta urbana|engajamento|comunidade|participacao|territorio,efetivo,isolada,alta
ENT-010-ENT-011,1.1.7,SOC9,percepcao,"[participante A]: «tem muitos trabalhos bons deles, mas é difícil às vezes dar continuidade mesmo»","Avaliação externa de que Maringá produz bons instrumentos e falha na continuidade. Converge com o «plano de gaveta» de ENT-007 e com a divergência de ENT-003 sobre a parceria científica exposta à troca de gestão: o risco da agenda climática local não é a formulação, é a permanência.",00:33:51,continuidade|instrumento|implementacao|descontinuidade|monitoramento,inexistente,convergente,alta
ENT-010-ENT-011,3.2.1,PUB3,declaracao,[participante B]: «a gente pegou esse contrato por dispensa de licitação por notório saber (…) [somos] uma organização do terceiro setor. A gente já está como uma ICT»,A capacidade técnica do plano climático foi contratada de instituição científica e tecnológica do terceiro setor por dispensa de licitação. Registra o instrumento jurídico efetivamente usado para acessar capacidade externa — caminho replicável e mais rápido que concurso ou contratação de quadro.,00:06:07,ICT|dispensa de licitacao|notorio saber|terceiro setor|contratacao,em_implementacao,complementar,alta
ENT-012,1.1.1,PUB1,percepcao,"[participante]: «quando eu coloco a prefeitura em comparação com a quase totalidade das prefeituras do Brasil, ela conseguiu ter avanços (…) mas de forma geral ela está engatinhando. Porque primeiro a população não conseguiu ainda entender qual é o impacto para a vida dela»","Avaliação de maturidade a partir do Legislativo: avanço relativo ao país, estágio inicial em termos absolutos. Ocupa posição intermediária entre a autoavaliação de ENT-008 («muito acima da média») e a de ENT-004 («estágio inicial»), e atribui o limite à ausência de percepção social do impacto.",00:19:15,maturidade|estagio inicial|percepcao|comparacao|politica climatica,em_elaboracao,convergente,alta
ENT-012,1.1.8,PUB1,lacuna,"[participante]: «não existe incorporação concreta nas medidas nem tributárias, que seriam fundamentais, nem urbanísticas, que também é muito importante, e mesmo ambientais»","LACUNA DE INSTRUMENTO, DITA PELO LEGISLATIVO. A agenda climática não foi incorporada aos três conjuntos normativos que teriam efeito material — tributário, urbanístico e ambiental. A ação existe como decisão de gestão e não como norma, e por isso não sobrevive à troca de gestão.",00:19:15,legislacao|tributario|urbanistico|incorporacao|instrumento,inexistente,convergente,alta
ENT-012,1.2.2,PUB8,declaracao,[participante]: «até muito pouco tempo as questões de licenças ambientais estavam ligadas ao estado (…) Maringá foi assumindo e criando esse organismo municipal. Só que ainda tem tanta demanda para ele resolver da burocracia que ele não conseguiu avançar em implementar algumas soluções»,CONTEXTO DECISIVO. O órgão ambiental municipal é recente e assumiu a competência de licenciamento antes exercida pelo Estado. Explica estruturalmente a sobrecarga descrita em ENT-008: a unidade que deveria formular a política climática está absorvendo o passivo de um licenciamento recém-municipalizado.,00:19:15,municipalizacao|licenciamento|orgao ambiental|capacidade|burocracia,em_implementacao,complementar,alta
ENT-012,1.2.2,PUB8,declaracao,"[participante]: «[o instituto] só começou e conseguiu se implantar em 2024. Em 2025 [com a nova gestão] teve que refazer, porque o quadro técnico tinha um perfil que não estava muito adequado. Basicamente eles estão começando a produzir agora»","Confirmação, de outra fonte, da recomposição do quadro técnico do órgão ambiental na virada de gestão — o mesmo evento que ENT-009 descreve como afastamento deliberado de servidores. As duas sessões concordam sobre o fato e divergem sobre a intenção; ambas sem TCLE. A verificação documental (atos de nomeação e exoneração) é o que decide.",00:34:53,quadro tecnico|recomposicao|orgao ambiental|capacidade|transicao,em_implementacao,divergente,media
ENT-012,1.1.5,PUB2,declaracao,"[participante]: «ela tem pequenos córregos que vão ser muito mais impactados pela seca do que pela abundância (…) enquanto ela ia aos poucos caindo, [a chuva] cai tudo de uma vez só. Num dia só ela chove o mês inteiro e depois fica sem chover»",Descrição do duplo regime que a análise técnica de ENT-010-ENT-011 quantificaria depois: mesma precipitação mensal concentrada em menos dias. Converge de forma independente com o «duplo risco hídrico» da consultoria e reforça que a seca dos córregos é risco tão relevante quanto o alagamento.,00:24:21,seca|corrego|concentracao de chuva|regime pluviometrico|duplo risco,em_implementacao,convergente,alta
ENT-012,1.1.5,PUB2,declaracao,"[participante]: «é preciso lembrar que a gente tinha cinco pontos de gravidade, hoje tem 40»",ACHADO QUANTITATIVO DE TENDÊNCIA. Os pontos críticos de drenagem passaram de cinco para cerca de quarenta. Compatível com os 38 pontos mapeados pela consultoria (ENT-010-ENT-011) e com os 40 projetos executivos de erosão de ENT-008 — e acrescenta a série temporal que faltava: o passivo multiplicou por oito.,00:24:21,pontos criticos|drenagem|tendencia|passivo|alagamento,em_implementacao,convergente,alta
ENT-012,2.1.7,PUB2,lacuna,"[participante]: «não temos uma defesa civil organizada para tratar de qualquer tipo de novo episódio inesperado. Por exemplo, se vier um ciclone, nós não temos nenhum preparo para isso (…) não temos uma ideia de como podemos fazer uma proteção para isso, para minimizar, para treinar»","LACUNA. Ausência de protocolo e de treinamento para evento extremo de tipo novo. Diverge da avaliação positiva de ENT-005 sobre a resposta da defesa civil, e a diferença é de objeto: a estrutura responde bem ao evento conhecido e não tem preparo para o evento sem precedente — que é justamente o que a mudança do regime eólico anuncia.",00:24:21,defesa civil|ciclone|preparo|protocolo|treinamento|desastre,inexistente,divergente,alta
ENT-012,3.2.3,PUB3,declaracao,"[participante]: «há um levantamento feito pela [universidade pública] voltado ao problema dos raios. Há um aumento muito grande da quantidade de raios (…) e esse fenômeno ninguém fala, ninguém percebe, porque não aconteceu nenhum desastre ainda»","RISCO EMERGENTE NÃO MAPEADO. Estudo acadêmico local aponta aumento de descargas atmosféricas, sem qualquer tratamento na agenda pública porque ainda não produziu vítima. Terceiro caso no corpus de dado científico local existente e não incorporado (com a ilha de calor e o poço de infiltração) — e o único sobre um risco que nenhum instrumento municipal considera.",00:24:21,raios|descarga atmosferica|risco emergente|universidade|dados,inexistente,isolada,media
ENT-012,1.1.5,PUB2,declaracao,"[participante]: «é possível aqui você fazer uma perfuração de 200 m, 150 m (…) e isso tem tido uma diminuição muito grande (…) a cidade tem o maior número de poços artesianos no centro por metro quadrado (…) as pessoas furaram poços artesianos e foram enfraquecendo esse aquífero (…) muitas dessas [águas] já estão contaminadas e a população que usa não tem conhecimento disso»","CONVERGÊNCIA INDEPENDENTE. Segunda fonte a apontar a explotação difusa do aquífero raso por poços prediais como risco (a primeira é ENT-007), agora com dois acréscimos: rebaixamento já observado e contaminação de águas em uso sem conhecimento do usuário. Risco hídrico e sanitário simultâneo, sem instrumento municipal que o alcance.",00:24:21,aquifero|poco artesiano|rebaixamento|contaminacao|risco hidrico,inexistente,convergente,alta
ENT-012,1.1.5,PUB2,declaracao,"[participante]: «nós temos verdadeiras voçorocas escondidas em vários pontos da cidade (…) tem hortas comunitárias [onde] quando a gente chega e começa a andar, a gente descobre um buraco de 7 m, 8 m, com certeza»","Passivo de erosão de grande porte não visível a partir da via pública, inclusive em áreas de uso comunitário. Converge com ENT-008 («é só quem está lá dentro que entende o tamanho da responsabilidade»): o dano existe, é subdimensionado por sensoriamento remoto e coexiste com uso social do espaço.",00:30:13,vocoroca|erosao|passivo|horta comunitaria|risco oculto,em_implementacao,convergente,alta
ENT-012,2.1.5,PUB6,declaracao,"[participante]: «o próprio [bosque municipal] tem uma voçoroca tão grande que eu não acredito que ela possa ser corrigida com nada menos do que 10, 15 milhões de reais. Tanto é que a ideia [do Executivo] é fazer uma passarela por cima do bosque»","ORDEM DE GRANDEZA. Um único ponto de erosão em área verde pública é estimado em R$ 10 a 15 milhões, e a solução em estudo é contornar o problema com passarela em vez de corrigi-lo. Dá escala ao passivo e sustenta o argumento de ENT-008 sobre a inadequação do financiamento por editais de pequeno porte.",00:30:13,vocoroca|custo|investimento|parque|escala|adaptacao,inexistente,complementar,media
ENT-012,3.2.5,PUB3,lacuna,"[participante]: «a [universidade pública] tem vários estudos, mas eles foram feitos sem um projeto específico de pesquisa, então é uma colcha de retalhos. Alguém tem que conseguir pegar todos esses estudos e criar uma ordem disso (…) está feito a nível de tese de doutorado ou de mestrado, soltas, avulsas»","LACUNA DE CURADORIA. O conhecimento local existe, é acessível e não é organizado nem agregado — a barreira não é produção nem acesso, é sistematização. Converge com ENT-006 e ENT-009 e reformula a recomendação: antes de encomendar estudo novo, mapear e consolidar o que já foi produzido sobre Maringá. Dimensão «Muito alta».",00:33:16,curadoria|estudos|universidade|sistematizacao|integracao,inexistente,convergente,alta
ENT-012,2.2.2,PUB5,lacuna,"[entrevistador]: «quanto você gastou ano passado em ações climáticas?» / [participante]: «não acredito que a gente tenha uma relação também de custo disso, que seria fundamental no decorrer do tempo. Nós não temos isso»","LACUNA CONFIRMADA PELO LEGISLATIVO. Não existe apuração do gasto climático municipal, e quem analisa o orçamento na Câmara desconhece qualquer relação de custo. Dimensão «Muito alta» — e esta é a evidência mais direta do corpus sobre ela, vinda justamente do poder que examina a peça orçamentária.",00:34:53,rastreamento de gastos|custo|orcamento|Legislativo|monitoramento,inexistente,convergente,alta
ENT-012,2.2.3,PUB5,lacuna,"[entrevistador]: «a hora que você faz uma análise do orçamento, você vê questões climáticas priorizadas ali?» / [participante]: «Nenhuma.»","LACUNA CATEGÓRICA. Não há priorização climática identificável na peça orçamentária que tramita na Câmara. Resposta de uma palavra, de quem tem a atribuição legal de examinar o orçamento — a evidência mais forte do corpus para a dimensão de integração entre orçamento, PPA, LDO e ação climática. Dimensão «Muito alta».",00:34:53,orcamento|PPA|LDO|LOA|priorizacao|Legislativo,inexistente,convergente,alta
ENT-012,2.2.1,PUB5,declaracao,"[participante]: «há uma rejeição muito grande por parte de todo o secretariado, do secretário de fazenda que existe, de permitir que você carimbe recurso. Eles querem recurso livre. E eu entendo também, se eu tivesse lá ia querer — mas para mim esse é um caminho fundamental»","ACHADO ESTRUTURANTE. A resistência à vinculação orçamentária é institucional e explícita, vinda da área fazendária. Identifica o obstáculo político concreto ao orçamento verde e à marcação climática de despesa — dimensão «Muito alta» que seguia sem evidência codificada — e mostra que a barreira não é técnica, é de preferência por discricionariedade fiscal.",00:40:58,orcamento verde|vinculacao|carimbo|fazenda|discricionariedade|climate budget tagging,inexistente,isolada,alta
ENT-012,2.6.4,PUB7,oportunidade,[participante]: «nós temos um fundo de inovação que quase não tem dinheiro nenhum (…) nós poderíamos criar prioridades desse fundo e fazer com que viessem mais recursos para ele através da prestação de serviço. Há uma empresa que foi criada para fazer parcerias com a inovação»,"OPORTUNIDADE DE VEÍCULO. Existe fundo municipal de inovação subfinanciado e uma empresa criada para parcerias de inovação — estrutura de veículo financeiro já constituída e ociosa, que poderia receber prioridades climáticas e receita de prestação de serviço. Primeira evidência do corpus para a dimensão de estruturas especiais e veículos financeiros.",00:40:58,fundo de inovacao|veiculo financeiro|estrutura|parceria|prestacao de servico,formalizado,isolada,alta
ENT-012,2.6.1,PUB6,declaracao,"[participante]: «eu fiz um projeto que foi aprovado pela [empresa binacional de energia], mas ainda não virou, [e] é para tratar de jardins de chuva focado na área de drenagem»","Há projeto de jardins de chuva aprovado por instituição de porte e ainda não executado. Confirma que a captação junto a grandes operadores é viável para Maringá, e que o gargalo se dá depois da aprovação — na execução, não na obtenção do recurso.",00:37:50,jardim de chuva|financiamento|aprovacao|drenagem|execucao,em_elaboracao,complementar,media
ENT-012,2.1.3,PUB7,divergencia,"[participante]: «alguns países (…) estariam dispostos a investir e fazer financiamentos sustentáveis (…) selecionaram no Brasil algumas cidades (…) no meio dessa selecionaram Maringá (…) precisava ter um certificado específico (…) o dinheiro viria via [banco público federal], já com acordo com o governo brasileiro. Já estava bem adiantado, mas ninguém deu muita importância, ninguém percebeu que ali havia um negócio (…) o primeiro passo era a prefeitura ter caminhado para criar a maneira de fazer a certificação»","ACHADO. Oportunidade concreta de financiamento climático internacional, com Maringá entre as cidades selecionadas e intermediação de banco público federal, perdida por não se ter constituído a certificação exigida. É o custo da lacuna de capacidade medido em uma janela específica — e o argumento mais direto para tratar certificação e habilitação como investimento, não como formalidade. Verificar na Matriz 2.",00:40:58,financiamento internacional|certificacao|elegibilidade|banco publico|oportunidade perdida,inexistente,isolada,media
ENT-012,2.3.1,PUB7,percepcao,"[participante]: «o cidadão quer desconto (…) ele está separando o lixo, no caso do IPTU verde, porque quer o desconto. Então a gente não acrescenta dinheiro (…) a gente fica numa luta de renúncia fiscal que não vai avançar. Eu não consigo ver como o IPTU verde poderia nos ajudar nos grandes projetos»",CRÍTICA FISCAL AO INSTRUMENTO. O IPTU Verde induz comportamento e reduz receita — não financia investimento. Contraponto necessário às quatro menções elogiosas do corpus: o instrumento é bom no que faz e não resolve a dimensão de mobilização de receita para projeto de porte.,00:44:36,IPTU verde|renuncia fiscal|receita|limite|instrumento,regulamentado,divergente,alta
ENT-012,2.4.1,PUB7,oportunidade,"[participante]: «nosso IPTU verde não pode atingir empresas, só para CPF (…) e se eu criasse o IPTU verde empresarial? Em vez das pequenas medidas no seu empreendimento, ele teria que fazer determinados investimentos [para] ter o desconto (…) aquilo que custa para o poder público 100, para ele vai custar 70 (…) ele investe agora para receber o desconto no decorrer do tempo. No fundo, ele tá me financiando»","ACHADO ESTRUTURANTE. Desenho de instrumento que converte renúncia futura de IPTU em investimento privado antecipado em infraestrutura climática, capturando o diferencial de custo de execução privada. É financiamento antecipado com contrapartida em obra — e responde diretamente à crítica que o próprio participante faz ao IPTU Verde atual. Converge com a proposta de compensação por intervenção de ENT-004 e merece exame jurídico-fiscal no Roadmap.",00:44:36,IPTU verde empresarial|investimento privado|contrapartida|financiamento antecipado|instrumento,inexistente,isolada,alta
ENT-012,2.4.1,PUB7,declaracao,"[participante]: «nós temos uma empresa muito grande aqui (…) é uma montadora na área de energia solar (…) é uma empresa de bilhão, muito grande (…) como ela está focada em vender para o Brasil inteiro, a gente escuta falar pouco dela, ela não costuma participar das coisas, mas nós temos potencialmente alguém que pode nos ajudar nessa área»","ATIVO PRIVADO NÃO MOBILIZADO. Há na cidade empresa de porte bilionário no setor de energia solar, sem participação na agenda local. Converge com ENT-005 sobre o capital organizacional privado disponível e não acionado — aqui identificado em um setor diretamente ligado à mitigação.",00:37:50,energia solar|setor privado|ativo local|engajamento|mitigacao,inexistente,isolada,media
ENT-012,2.4.2,PUB6,declaracao,"[participante]: «teve um grupo antigo, ligado à Federação das Indústrias, que estava trabalhando a questão eólica aqui»","Registro de iniciativa empresarial anterior em energia eólica, sem continuidade conhecida. Mais um caso de mobilização privada que existiu e não se sustentou — o padrão de descontinuidade que atravessa o corpus.",00:37:50,eolica|federacao das industrias|iniciativa|descontinuidade|setor privado,sem_evidencia,complementar,baixa
ENT-012,1.2.1,PUB8,lacuna,"[participante]: «as pessoas usam as ODS para discursar, mas não há uma visão clara (…) eu pego o negócio e vou encaixando nas ODS para poder valorar. É diferente de eu ter alguém que pega e fala: essa ODS, vamos fazer isso. Eu acho que falta um departamento para isso, ou uma pessoa, um gerenciamento global de todas as secretarias»","LACUNA DE COORDENAÇÃO, TERCEIRA FORMULAÇÃO. Ausência de instância transversal de gestão da agenda, com a observação de que o enquadramento nas ODS é feito depois do fato, para justificar. Converge com a proposta de comitê de ENT-010-ENT-011 e com a sobreposição de atribuições de ENT-008. Dimensão «Muito alta».",00:49:59,coordenacao|ODS|instancia transversal|gerenciamento|governanca,inexistente,convergente,alta
ENT-012,1.2.1,PUB8,percepcao,"[participante]: «eu olho e vejo o [instituto de planejamento] gastando uma energia imensa para brigar com o urbanismo, com a sociedade organizada que quer crescimento (…) e está deixando de gastar tempo com coisa que vai gerar para a frente, porque ela tem capacidade de fazer pesquisa (…) quando você mede, é diferente de quando você tem uma ideia»",Diagnóstico sobre alocação de capacidade: o instituto de planejamento consome sua capacidade técnica em conflito regulatório corrente em vez de produzir a base analítica que arbitraria esse mesmo conflito. Aponta uma capacidade instalada mal alocada — e não ausente.,01:00:22,instituto de planejamento|pesquisa|alocacao|capacidade|evidencia,em_implementacao,complementar,media
ENT-012,4.3.3,PUB9,percepcao,"[participante]: «acho que nós estamos no top 10 desse negócio. Nós somos uma grande referência (…) todo mundo nos reconhece, você não tem a menor dúvida. E por isso o diálogo acontece»",O reconhecimento externo de Maringá é descrito como ativo que abre portas de interlocução. Converge com ENT-005 e ENT-007 sobre o capital reputacional da cidade — e as três sessões acrescentam a mesma ressalva: reputação sem entrega se converte em passivo.,00:52:47,reputacao|referencia|posicionamento|articulacao|rede de cidades,em_implementacao,convergente,alta
ENT-012,4.3.1,PUB9,declaracao,"[participante]: «eu fui para a Holanda a pedido [do Executivo] junto com um grupo (…) um secretário que não era muito ligado para isso (…) ele voltou de lá com a cabeça feita de que puxa vida, isso é um legado que vale a pena fazer»","Missão técnica internacional com efeito declarado de conversão de um quadro dirigente inicialmente cético. Converge com a visita técnica relatada em ENT-005: aprendizagem entre pares funciona em Maringá como instrumento de formação de dirigente, e não apenas de transferência técnica.",01:00:22,missao tecnica|aprendizagem entre pares|cooperacao internacional|dirigente|formacao,em_implementacao,convergente,alta
ENT-012,4.2.1,PUB10,percepcao,"[participante]: «o primeiro lugar disso é a cultura (…) não há por parte nem dos empresários, nem da maioria dos técnicos, nem da população um conhecimento realmente disso. Então é a educação (…) não é educação ambiental de não jogue o lixo na rua (…) Só que isso não me dá voto, porque quando eu alcançar isso, eu já passei»","BARREIRA NÚMERO UM, SEGUNDO O LEGISLATIVO, COM SUA PRÓPRIA EXPLICAÇÃO. A formação é apontada como condição habilitante primeira, e imediatamente qualificada pelo desalinhamento entre o horizonte do resultado e o do mandato. Converge literalmente com ENT-009 («não dá voto») e nomeia por que a prevenção perde na disputa orçamentária.",00:52:47,educacao ambiental|cultura|barreira|ciclo eleitoral|prevencao,inexistente,convergente,alta
ENT-012,4.2.1,PUB10,oportunidade,"[participante]: «essa conscientização pode começar da própria mudança de conceito e de entendimento do servidor e da equipe, que daí transforma isso»","Proposta de começar a formação pelo corpo funcional, e não pela população — o servidor como multiplicador. Recomendação de baixo custo e efeito direto sobre a maladaptação por desconhecimento registrada em ENT-006.",00:53:59,capacitacao|servidor|formacao|multiplicador|educacao,inexistente,isolada,alta
ENT-012,4.2.2,PUB10,percepcao,"[participante]: «eu preciso fazer de forma de incentivo (…) se eu só fizer de forma punitiva, nós vivemos num país sem fronteiras: eu tenho gente investindo [em outro estado, em outro país] (…) talvez tenha que ter incentivo e ao mesmo tempo restrições»","Leitura de que a regulação ambiental isolada empurra o investimento para fora do município, e de que o desenho eficaz combina incentivo e restrição. Converge com a proposta de ENT-009 de acoplar exigência ambiental ao vetor de expansão já existente.",00:53:59,incentivo|regulacao|competicao entre entes|setor privado|desenho,inexistente,complementar,media
ENT-012,4.2.4,PUB10,percepcao,[participante]: «o terceiro problema é a falta de ver aquilo resolvendo o meu problema no aqui agora. Como é que eu consigo mostrar para ele que está dando resultado?»,"Terceira barreira apontada: ausência de evidência visível de resultado. Converge com ENT-005 («tem que mostrar»), ENT-004 (a baixa entrega percebida corrói a disposição privada) e ENT-008 (comunicação como condição habilitante) — quatro sessões convergindo em que medir e comunicar resultado é parte do financiamento, não acessório dele.",00:58:51,resultado|comunicacao|evidencia|monitoramento|legitimidade,inexistente,convergente,alta
ENT-013,1.1.1,PUB1,percepcao,"[participante]: «vejo que tá iniciando (…) hoje a gente percebe a participação maior do Tribunal de Contas, do Ministério Público, e o risco iminente mesmo — acontecendo bastante eventos climáticos que não tinha antes nas nossas regiões. Tudo isso fez com que as pessoas [pensassem]: vamos começar a fazer alguma coisa»","Autoavaliação de estágio inicial e identificação dos três vetores que destravaram a agenda: controle externo, cobertura de mídia e ocorrência efetiva de eventos. A mudança é induzida por pressão externa e por dano, não por planejamento — o que explica seu caráter reativo.",00:05:21,estagio inicial|Tribunal de Contas|Ministerio Publico|evento extremo|inducao,em_elaboracao,convergente,alta
ENT-013,1.1.5,PUB2,declaracao,"[participante]: «principalmente a questão de tornado, que é algo mais aqui na nossa região, e os temporais que estão vindo mais fortes, rajadas de vento com maior intensidade, chuva de granizo (…) são coisas que sempre existiram e que hoje a gente vê num menor espaço de tempo, com um estrago maior»","Leitura do órgão de proteção e defesa civil: mesmos fenômenos, intervalo menor e dano maior. Converge com a série histórica de ENT-010-ENT-011 (ventania aproximando-se da trovoada) e com ENT-005, ENT-007 e ENT-009 — o vento é o risco em ascensão em Maringá, por percepção operacional e por dado.",00:06:43,tornado|granizo|vento|frequencia|intensidade|risco,em_implementacao,convergente,alta
ENT-013,1.1.5,PUB2,declaracao,[participante]: «a gente comentou sobre a questão do Paraná hoje ser o segundo maior corredor de tornados do mundo. Aí as pessoas ficaram assim: como assim? É algo inimaginável»,"A informação sobre exposição regional a tornados é usada como argumento de sensibilização em capacitação, e produz surpresa mesmo em quadros técnicos. Registra tanto o risco quanto a distância entre o dado disponível e a percepção institucional dele.",00:06:43,tornado|exposicao regional|sensibilizacao|percepcao|risco,em_implementacao,complementar,media
ENT-013,4.2.1,PUB10,percepcao,"[participante]: «essas informações sobre as mudanças climáticas vêm de uma maneira muito técnica (…) poderia ser uma forma mais simplificada (…) não é que a pessoa não recebe a informação, a pessoa até recebe, só que ela não entende (…) a pessoa fala: ah, isso não vai chegar aqui»","QUARTA CONVERGÊNCIA SOBRE COMUNICAÇÃO. O problema não é ausência de informação, é linguagem e apropriação — e a barreira específica é a crença de que o evento ocorre sempre em outro lugar. Converge com ENT-004, ENT-008, ENT-009 e ENT-012, agora de quem emite os alertas.",00:10:44,comunicacao|linguagem tecnica|alerta|percepcao|distanciamento,inexistente,convergente,alta
ENT-013,2.2.3,PUB5,divergencia,"[entrevistador]: «o tema das questões climáticas está carimbado no orçamento municipal?» / [participante]: «Em Maringá, eu acho que sim. Porque tudo que a gente conversa, todos os trabalhos que a gente faz aqui, é uma coisa com que [a liderança do Executivo] sempre se preocupa. Então ele direciona esses fundos»","DIVERGÊNCIA DIRETA. O órgão de defesa civil percebe direcionamento orçamentário para a agenda climática; o Legislativo (ENT-012) responde «nenhuma» à mesma pergunta sobre a peça orçamentária. A divergência é reconciliável e reveladora: há priorização por decisão de gestão, sem marcação identificável no orçamento — o que é exatamente a definição da lacuna de orçamento verde. Dimensão «Muito alta».",00:15:53,orcamento|carimbo|priorizacao|Executivo|Legislativo|divergencia,em_implementacao,divergente,alta
ENT-013,4.1.1,PUB9,declaracao,"[participante]: «a gente trabalha em conjunto com a [defesa civil] do estado (…) o Paraná é separado em núcleos regionais de atuação, e Maringá tá no núcleo do noroeste (…) num momento de calamidade pública todo mundo vai trabalhar junto para diminuir os danos»","ACHADO. Existe estrutura permanente de articulação com o Estado por núcleo regional, com acionamento conjunto em calamidade. É a coordenação vertical mais consolidada identificada no corpus — e a única que já opera em base territorial regional. Dimensão «Muito alta».",00:17:08,defesa civil estadual|nucleo regional|coordenacao vertical|calamidade|articulacao,em_implementacao,isolada,alta
ENT-013,3.1.2,PUB3,declaracao,"[participante]: «a gente tem o nosso plano de contingência (…) ele é gerado através do sistema do estado, que as defesas civis municipais usam. E é lá que a gente faz essa alimentação de áreas de risco, mapas, pontos de atenção, pessoas com vulnerabilidade»","ACHADO. Há sistema estadual em uso pelo município, alimentado com áreas de risco, pontos de atenção e pessoas vulneráveis. É a única base estruturada e compartilhada com outro ente identificada no corpus — e ela existe fora do município, o que a torna simultaneamente um ativo e uma dependência.",00:18:55,plano de contingencia|sistema estadual|areas de risco|compartilhamento|base de dados,em_implementacao,isolada,alta
ENT-013,3.2.4,PUB3,declaracao,"[participante]: «a gente bateu um papo com o pessoal da assistência social para fazer um compilado: pegar áreas de alagamento, áreas de risco em geral, e cruzar (…) existem pessoas de vulnerabilidade nessas áreas, pessoas com necessidade especial, [áreas com] incidência maior de queda de energia (…) [e] a população das áreas rurais»",ACHADO DECISIVO. Está em curso o cruzamento entre áreas de risco e cadastro socioassistencial — exatamente o dado de sensibilidade que a consultoria do plano climático (ENT-010-ENT-011) declarou não conseguir obter e estar substituindo por proxy. O dado está sendo construído em uma secretaria e a equipe que elabora o plano de adaptação não sabe disso. É a demonstração mais concreta do custo da falta de governança de dados. Dimensão «Muito alta».,00:18:55,vulnerabilidade|assistencia social|cruzamento|area de risco|dados|governanca,em_elaboracao,divergente,alta
ENT-013,3.1.1,PUB3,lacuna,"[entrevistador]: «a prefeitura não tem uma base geral que todo mundo pode ver e pode usar?» / [participante]: «Nesse sentido de área de risco, ainda não. A gente tá desenvolvendo com o pessoal da tecnologia»","LACUNA CONFIRMADA, COM TRABALHO EM ANDAMENTO. Não existe base compartilhada de áreas de risco na prefeitura, e há desenvolvimento em curso com a área de tecnologia. Converge com ENT-004, ENT-008 e ENT-010-ENT-011 — e mostra que a construção começou. Dimensão «Muito alta».",00:22:00,base de dados|area de risco|compartilhamento|sistema|desenvolvimento,em_elaboracao,convergente,alta
ENT-013,4.2.4,PUB3,declaracao,"[participante]: «eu não sei exatamente [como] essas informações mapeadas (…) a gente vai passar para a população, porque requer também um cuidado, principalmente quando a gente vai falar de riscos, para não gerar pânico» / [entrevistador]: «o cara acha que vai desvalorizar a casa dele» / [participante]: «Isso, isso»","TENSÃO REGISTRADA. A publicação do mapa de risco é freada por receio de pânico e de efeito sobre valor imobiliário. É um dilema real de transparência climática — e precisa de decisão explícita, porque mapa de risco não divulgado não protege quem mora na área mapeada.",00:22:00,transparencia|mapa de risco|divulgacao|valor imobiliario|dilema,em_elaboracao,isolada,alta
ENT-013,1.2.2,PUB8,declaracao,"[participante]: «a Defesa Civil aqui de Maringá, a gente começou a estruturar ela administrativamente falando nessa nova gestão que iniciou no início de 2025. Antes ela tava meio parada com essa questão documental (…) a gente começou a trazer a questão dos mapas, ter mais critério, fazer compilados de informação com outras secretarias»","Reestruturação administrativa recente do órgão de defesa civil, com introdução de método de mapeamento e de integração de dados. Converge com ENT-012 sobre a recomposição institucional de 2025 e mostra um caso em que ela produziu capacidade nova.",00:22:00,reestruturacao|defesa civil|mapas|metodo|capacidade,em_implementacao,convergente,alta
ENT-013,2.1.7,PUB6,declaracao,"[participante]: «pouco tempo atrás a gente recebeu [informação sobre] um fundo internacional, no qual o município tem oportunidade de mostrar alguns projetos que se encaixam (…) nós aqui da Defesa Civil tomamos a iniciativa de apresentar um projeto que a gente tem aqui»","PRIMEIRA CAPTAÇÃO DA UNIDADE. Submissão de projeto a fundo internacional por iniciativa própria do órgão de defesa civil. Mostra que a captação em Maringá acontece por iniciativa dispersa de unidades, sem coordenação central — o que reforça a recomendação de instância única de estruturação de projetos.",00:24:49,fundo internacional|submissao|projeto|captacao|iniciativa,em_elaboracao,complementar,alta
ENT-013,4.2.3,PUB6,oportunidade,"[participante]: «a questão dos núcleos de bairro, voluntários (…) cria uma associação de bairro do bairro A, B e C. Os próprios núcleos organizam reuniões, bate-papos, temas, principalmente temas climáticos (…) a gente faz o mapeamento na cidade, mas a gente não vê tudo (…) em contrapartida a gente consegue levar as informações de uma maneira mais clara, alertas climáticos»","PROJETO ESTRUTURANTE, JÁ SUBMETIDO. Rede de núcleos comunitários de defesa civil como canal bidirecional — a comunidade identifica o risco local que o mapeamento não alcança, e recebe o alerta em linguagem própria. Responde de uma vez às lacunas de dado territorial fino (ENT-005, ENT-007) e de comunicação (cinco sessões), e se apoia na densidade associativa que ENT-007 documenta. É a proposta com melhor relação entre custo e alcance no corpus.",00:24:49,nucleo comunitario|NUPDEC|participacao|alerta|dados territoriais|capilaridade,em_elaboracao,isolada,alta
ENT-013,2.1.2,PUB7,declaracao,"[participante]: «a gente tá trabalhando também projetos aqui para poder correr atrás de fundos (…) são projetos mais voltados para prevenção. A Defesa Civil estadual, juntamente com a União, disponibiliza esses fundos pensando na prevenção: obras específicas (…) o município faz um projeto, apresenta os prós e os contras, e manda para eles analisarem»","Existe linha estadual e federal dedicada a obra de prevenção, com fluxo conhecido e acessível ao município. Confirma o padrão de ENT-008: a fonte existe e o gargalo é a produção do projeto que a acessa. Dimensão «Muito alta».",00:28:34,fundo de calamidade|prevencao|obra|projeto|captacao|estadual,em_implementacao,convergente,alta
ENT-013,2.1.7,PUB6,declaracao,[entrevistador]: «Isso foi a primeira vez que vocês fizeram?» / [participante]: «É a primeira vez. A gente tá engatinhando»,A captação de recurso é prática nova para o órgão de defesa civil. Registra que a curva de aprendizado de captação está começando exatamente na unidade que responde pelo risco — e que qualquer apoio à estruturação de projeto tem aqui retorno imediato.,00:28:34,captacao|aprendizado|primeira vez|projeto|capacidade,em_elaboracao,convergente,alta
ENT-013,1.2.1,PUB8,declaracao,"[participante]: «essas conversas [intersetoriais] sempre teve (…) às vezes aquelas conversas mais para ter aquele protocolo. Porém hoje a gente tá aumentando mais essa integração (…) bilateral, tanto da nossa parte quanto de outras secretarias»","A coordenação horizontal aumentou e é descrita como bilateral e crescente, em contraste com o caráter protocolar anterior. Nuança importante frente às lacunas de coordenação de ENT-008 e ENT-012: a articulação melhorou sem que exista instância formal — segue dependente de iniciativa, como em ENT-003.",00:30:48,coordenacao horizontal|intersetorial|integracao|informalidade,em_implementacao,divergente,alta
ENT-013,4.1.3,PUB8,declaracao,"[participante]: «a gente fica aqui na Secretaria de Infraestrutura, o que nos possibilita muitas coisas (…) precisa de um veículo, de um maquinário, não precisa passar por todo aquele processo de fazer um ofício, solicitar e aguardar a resposta (…) a gente já tem um grupo interno aqui, já tem o pessoal da arborização, da pavimentação (…) rapidamente vamos lá, já executa. Hoje a gente tá realmente um passo à frente por estar aqui»","TRIANGULAÇÃO CONFIRMADA. A fusão administrativa relatada em ENT-004 é confirmada pelo outro lado, com o mesmo efeito e o mesmo mecanismo: acesso direto a equipamento e equipe sem trâmite formal. É o achado positivo de coordenação horizontal mais bem evidenciado do corpus — duas fontes independentes, efeito operacional verificável. Dimensão «Muito alta».",00:46:51,coordenacao horizontal|defesa civil|infraestrutura|tempo de resposta|estrutura administrativa,em_implementacao,convergente,alta
ENT-013,2.1.4,PUB6,percepcao,"[entrevistador]: «se chegasse hoje um cheque em branco, vocês dão conta?» / [participante]: «Eu penso que sim (…) eu acho que tem essa capacidade de desenvolver mais projetos, mais estudos, de buscar mais coisas»","Avaliação otimista da capacidade de absorver recurso adicional, divergente de ENT-004, ENT-007, ENT-008 e ENT-010-ENT-011, que apontam a preparação de projeto como barreira número um. A divergência é de posição no fluxo: quem executa a resposta vê capacidade; quem estrutura e financia vê o gargalo. Divergência preservada.",00:35:49,capacidade|absorcao|projeto|execucao|divergencia,em_implementacao,divergente,media
ENT-013,2.6.3,PUB7,oportunidade,"[participante]: «a questão dos resíduos, dar uma destinação diferente de aterros, fazer a reutilização através de processos, empresas que tenham projetos diferentes para transformar esses resíduos (…) em blocos para construção (…) asfalto, construção civil»","Confirma, de outra unidade, o programa de resíduos descrito em ENT-008, e detalha a rota pretendida: conversão de resíduo em insumo de construção. Economia circular com efeito duplo — redução do passivo do aterro e economia de material — e com o investimento a cargo do setor privado.",00:38:20,residuos|economia circular|aterro|construcao civil|reuso|investimento privado,em_elaboracao,convergente,alta
ENT-013,4.2.1,PUB10,percepcao,"[participante]: «o primeiro [problema] seria uma mudança cultural (…) a segunda é falta um pouco de adesão a algumas ideias, alguns projetos: as pessoas não colocarem muita fé nas coisas que estão por vir»",As duas barreiras apontadas são de natureza social: cultura e descrença na efetividade. Converge com ENT-012 (cultura como barreira número um) e com ENT-007 (frustração acumulada pelos planos anteriores) — e liga o problema de comunicação ao histórico de não entrega.,00:40:50,cultura|adesao|descrenca|barreira|participacao,inexistente,convergente,alta
ENT-013,4.2.4,PUB10,divergencia,"[participante]: «hoje eu vejo que o público aqui de Maringá tem a informação chegando de uma maneira diferenciada de outros municípios (…) a gente faz vídeos intuitivos, de uma maneira descontraída, [para] as pessoas [falarem]: não, realmente isso pode acontecer»","DIVERGÊNCIA. Avaliação positiva da comunicação municipal, inclusive climática, com prática própria de vídeos de linguagem acessível. Diverge de ENT-008, que declara não ter pessoa para comunicar e considerar a comunicação central insuficiente. As duas podem ser verdadeiras: a comunicação de emergência funciona, a comunicação da política ambiental não. Divergência preservada.",00:42:25,comunicacao|video|linguagem|divulgacao|divergencia,em_implementacao,divergente,alta
ENT-013,3.1.1,PUB10,oportunidade,"[participante]: «o que precisa melhorar é o sistema. Tendo um sistema, isso possibilitaria mais a propagação de dados, ter esse encontro de informação, e através disso, de maneira mais rápida e eficiente, os municípios conseguiriam elaborar projetos com mais facilidade»","RECOMENDAÇÃO EXPLÍCITA, COM O NEXO COMPLETO. O sistema integrado de dados é proposto não como fim, mas como meio de elaborar projeto mais rápido — ligando diretamente a lacuna «Muito alta» de dados à barreira «Muito alta» de preparação de projeto. É a formulação mais econômica do encadeamento central do diagnóstico.",00:43:56,sistema de dados|integracao|projeto|eficiencia|recomendacao,inexistente,convergente,alta
ENT-013,3.1.1,PUB10,declaracao,"[participante]: «as defesas civis carecem disso, de um sistema mais integrado. Na grande maioria dos municípios eles não têm um sistema, uma base de dados que você pode ali ter um relatório (…) de outros setores também, que você possa fazer um cruzamento de informações»","A lacuna de sistema integrado é apresentada como padrão nacional das defesas civis municipais, e não como falha local. Reposiciona a recomendação: Maringá pode se posicionar como referência ao resolvê-la, o que dialoga com o capital reputacional apontado em ENT-005, ENT-007 e ENT-012.",00:23:04,sistema integrado|defesa civil|padrao nacional|base de dados|cruzamento,inexistente,complementar,alta
ENT-013,1.2.2,PUB10,percepcao,"[entrevistador]: «é falta de dinheiro ou é falta de gente?» / [participante]: «eu acho que tendo, dá para fazer. Só precisa de uma ideia, um projeto e desenvolver o negócio»","A construção do sistema de dados é avaliada como viável com recurso existente, faltando apenas projeto e decisão. Contrasta com a leitura de escassez de ENT-008 e sugere que, ao menos para essa medida, a barreira é de priorização e não de meio.",00:45:24,sistema|viabilidade|projeto|decisao|priorizacao,inexistente,divergente,media
ENT-013,1.2.1,PUB8,declaracao,"[participante]: «Defesa Civil (…) é a Defesa Civil que faz esse levantamento junto com as outras [secretarias], as informações e tudo mais»","O órgão de defesa civil se coloca como titular natural do sistema municipal de dados de risco, com o argumento de já agregar informação das demais pastas. Registra uma candidatura concreta à titularidade — questão que a criação de qualquer instância de governança de dados terá de resolver.",00:45:24,titularidade|sistema de dados|defesa civil|governanca|atribuicao,inexistente,isolada,media
ENT-013,3.2.4,PUB3,declaracao,"[participante]: «a gente também pensa nesse pessoal [da área rural] até no bate-papo com a assistência social (…) a gente precisa também incluir essas pessoas caso tenha algum tipo de necessidade, para já ter um tempo de resposta maior»","Inclusão deliberada da população rural no mapeamento de vulnerabilidade. Corrige um viés urbano presente em todo o restante do corpus, em que o risco é discutido exclusivamente na malha urbana.",00:18:55,area rural|vulnerabilidade|inclusao|mapeamento|tempo de resposta,em_elaboracao,isolada,alta
ENT-013,1.1.7,PUB4,declaracao,"[participante]: «a gente faz também o nosso controle interno aqui, com as ocorrências que a gente trabalha (…) sempre tá em contato com o pessoal da pavimentação: ó, tal área é de alagamento, precisa desobstruir boca de lobo»","Existe registro interno de ocorrências que já alimenta ação corretiva de drenagem. É a base de monitoramento mais próxima de um indicador de adaptação identificada no corpus — e opera como controle interno de uma unidade, sem virar série pública nem indicador de política.",00:18:55,controle interno|ocorrencias|monitoramento|drenagem|indicador,em_implementacao,complementar,alta
ENT-014,3.2.4,SOC1,declaracao,"[participante]: «quando a gente pensa em grupo mais impactado, falando a partir de Maringá, é um pouco difícil colocar isso, porque Maringá não tem um aglomerado de população em situação de vulnerabilidade tão visível (…) a gente tem que expandir o olhar para essa região metropolitana imediata (…) cidades dormitório: a população só volta para casa para dormir, mas toda a dinâmica dela se desenvolve aqui»","ACHADO ESTRUTURAL. A população mais vulnerável ao risco climático de Maringá trabalha em Maringá e mora fora dela. Explica por que o recorte municipal não encontra vulnerabilidade concentrada — ela foi exportada pela dinâmica metropolitana — e converge com ENT-010-ENT-011, que projeta a vulnerabilidade na faixa de conurbação.",00:08:22,cidade dormitorio|regiao metropolitana|vulnerabilidade|conurbacao|escala,inexistente,convergente,alta
ENT-014,1.1.4,SOC2,declaracao,"[participante]: «tem um plano de arborização super consistente e consolidado, mas que tem sofrido muito com ventos fortes (…) isso evidencia que a cidade, apesar de ter esse plano, já vinha de certo modo não olhando para ele como deveria (…) a gente acaba perdendo muitas árvores e essas árvores são retiradas, mas elas não são repostas»","QUINTA CONVERGÊNCIA SOBRE ARBORIZAÇÃO. O plano existe, é bom e não é observado na etapa de reposição. Converge com ENT-006, ENT-007, ENT-008 e ENT-009 — cinco sessões de quatro setores. Nenhum outro objeto do corpus reúne esse grau de concordância.",00:08:22,plano de arborizacao|reposicao|implementacao|vento|manutencao,formalizado,convergente,alta
ENT-014,1.2.2,SOC2,declaracao,"[participante]: «muitas vezes os próprios moradores ficam inseguros e solicitam retiradas que às vezes a prefeitura aceita, mas sem falar sobre um replantio, sobre a importância de manutenção desse plano»","ACHADO. A supressão arbórea é induzida por pedido de morador amedrontado pelo risco de queda, e deferida sem contrapartida de replantio nem mediação técnica. O risco climático está produzindo, por via administrativa, a perda do ativo que reduz esse mesmo risco.",00:08:22,supressao|replantio|licenciamento|medo|arborizacao|contrapartida,inexistente,complementar,alta
ENT-014,1.1.5,SOC1,declaracao,[participante]: «a cidade já sofreu com essa relação de chuva intensa que ocasionou depois um problema de abastecimento de água. A cidade teve uns episódios recentes impactantes»,"TERCEIRA CONFIRMAÇÃO INDEPENDENTE. O desabastecimento de água causado por chuva intensa é relatado por ENT-005, ENT-009 e agora ENT-014, de três setores distintos. É o evento de infraestrutura crítica mais bem triangulado do corpus e não aparece em nenhuma das sessões do poder público.",00:08:22,abastecimento|captacao|chuva intensa|infraestrutura critica|evento,em_implementacao,convergente,alta
ENT-014,1.1.4,SOC2,percepcao,"[participante]: «acho que a gente tem que discutir carbono zero, técnicas sustentáveis, mas a gente tem que olhar para o que a gente já tem e garantir que isso permaneça (…) tenho receio de a gente perder a noção do patrimônio que a gente tem hoje, do quanto esse planejamento inicial é uma coisa preciosa, por a gente olhar só para o futuro»","CRÍTICA DE PRIORIZAÇÃO. A agenda de mitigação e inovação estaria absorvendo a atenção que a manutenção do ativo urbano existente demanda. Reposiciona a discussão de investimento climático em Maringá: o retorno maior pode estar em conservar a infraestrutura verde herdada, não em construir o novo.",00:13:07,carbono zero|manutencao|patrimonio|priorizacao|adaptacao|mitigacao,em_implementacao,complementar,alta
ENT-014,3.2.4,SOC3,declaracao,"[participante]: «por mais que as regiões mais periféricas não sejam ruins, essa qualidade toda não seguiu para as bordas»",Terceira formulação convergente da desigualdade territorial (com ENT-007 e ENT-009): a qualidade urbana que dá reputação à cidade se concentra na área central. O gradiente centro–borda é o recorte distributivo mais recorrente do corpus.,00:13:07,desigualdade territorial|periferia|qualidade urbana|centro|bordas,inexistente,convergente,alta
ENT-014,1.1.8,SOC2,divergencia,"[participante]: «quando eu penso nessas legislações mais recentes da gestão (…) eu vejo que tem um pouquinho de um descolamento da realidade (…) pensar em redução de carbono para as próximas edificações é uma coisa que as construtoras vão pensar (…) só que essa parcela mais periférica da população muitas vezes está precisando de coisas anteriores, mais básicas»","DIVERGÊNCIA DISTRIBUTIVA. A norma climática recente se dirige à construção nova e ao mercado formal, e não alcança a população cuja moradia é precária. Registra que instrumento climático mal calibrado pode aprofundar a desigualdade que deveria enfrentar.",00:16:59,legislacao|carbono|construtoras|periferia|equidade|descolamento,regulamentado,divergente,alta
ENT-014,3.2.4,SOC3,divergencia,[participante]: «existe área ainda irregular na cidade? Existe. Então tem questões fundiárias ainda. Existem casas que não estão regularizadas ou com uma infraestrutura que não atende toda a sua família (…) a gente tem uma família (…) são 15 pessoas morando numa casa de dois cômodos»,"QUARTA POSIÇÃO SOBRE A MESMA DIVERGÊNCIA. Afirma existirem áreas irregulares e passivo fundiário em Maringá, contra o registro oficial de zero ocupações relatado em ENT-010-ENT-011 e a negação de ocupação em fundo de vale em ENT-008, e ao lado do relato de ENT-007. Três fontes de sociedade civil e consultoria contra o dado oficial: a divergência precisa ser resolvida documentalmente antes que o plano de adaptação fixe seu recorte de sensibilidade.",00:16:59,area irregular|regularizacao fundiaria|precariedade|divergencia|vulnerabilidade,inexistente,divergente,alta
ENT-014,3.2.4,SOC3,declaracao,"[participante]: «numa casa precária que numa chuva ou num vento é atingida de outra forma que eu sou atingida. [Na área central] cai uma árvore aqui na frente, eu fico sem energia um, dois dias. Essa pessoa perde o telhado, ela perde a casa»",Formulação precisa do impacto diferencial: o mesmo evento produz interrupção de serviço no centro e perda de moradia na borda. É o argumento distributivo que justifica priorizar territorialmente o investimento em adaptação — e o corpus não registra nenhum instrumento municipal que faça essa distinção.,00:19:33,impacto diferencial|precariedade|telhado|vulnerabilidade|equidade,inexistente,convergente,alta
ENT-014,4.2.3,SOC7,oportunidade,"[participante]: «tem um trabalho muito ligado à moradia digna (…) da conjunção do [instituto de planejamento] com a Secretaria de Urbanismo e Habitação, de tratar a moradia para além da casa em si (…) qualificar essas bordas com melhoria habitacional, mas com equipamentos (…) entender que a política habitacional não está descolada dessas discussões de sustentabilidade ambiental. É parar de pensar nas políticas públicas de forma muito segmentada»","CONVERGÊNCIA DE PROPOSTA. Integração entre política habitacional e agenda climática, com melhoria habitacional e equipamentos públicos nas bordas. Converge com a proposta de ATHIS como instrumento de adaptação de ENT-007 — duas sessões do mesmo setor, independentes, apontando o mesmo desenho. É a recomendação de adaptação com recorte distributivo mais consistente do corpus.",00:20:41,habitacao|ATHIS|melhoria habitacional|equipamentos|integracao|adaptacao,inexistente,convergente,alta
ENT-014,3.1.1,SOC5,lacuna,"[entrevistador]: «se você precisa de algum dado (…) onde caiu árvore, ponto de alagamento, um alerta — isso é fácil e acessível para a sociedade?» / [participante]: «eu acho que esse acesso não existe exatamente (…) não concentrado num lugar»","LACUNA. Não há ponto único de acesso a dado climático para a sociedade, confirmado por profissional que atua em política urbana na cidade. Converge com ENT-004, ENT-009, ENT-010-ENT-011 e ENT-013 — cinco sessões. Dimensão «Muito alta».",00:23:08,acesso a dados|concentracao|transparencia|sistema|sociedade,inexistente,convergente,alta
ENT-014,4.2.3,SOC6,lacuna,"[participante]: «tem alguns fóruns já estabelecidos, a gente tem um conselho municipal de planejamento territorial, mas não é a pauta climática que está ali. Se discute o planejamento urbano como um todo (…) não existe um fórum estabelecido para discussão de emergências climáticas»","LACUNA DE INSTÂNCIA, TERCEIRA CONFIRMAÇÃO. Não há fórum dedicado à agenda climática; existem conselhos setoriais que a tangenciam. Converge com a proposta de comitê de ENT-010-ENT-011 e com a de incorporar a pauta ao conselho econômico de ENT-005 — a cidade tem instâncias e nenhuma delas tem o tema.",00:24:25,conselho|forum|pauta climatica|governanca|participacao,inexistente,convergente,alta
ENT-014,4.2.1,SOC6,percepcao,"[participante]: «sempre há uma dificuldade de engajamento da sociedade civil, mesmo por mais que seja bem organizada aqui (…) as pessoas não sentem ainda que a discussão climática é tão urgente, apesar de terem tido episódios visíveis (…) pela cidade ser uma cidade modelo»","ACHADO SOBRE A CAUSA DA BAIXA ADESÃO. O prestígio da cidade produz complacência: quem vive em uma cidade tida como modelo não se percebe em risco. Explica, melhor que qualquer outra formulação do corpus, por que a mobilização climática não decola em Maringá apesar de eventos visíveis.",00:24:25,engajamento|complacencia|cidade modelo|urgencia|participacao,inexistente,isolada,alta
ENT-014,4.2.3,SOC7,oportunidade,"[participante]: «[o conselho] pode ser um parceiro numa ação que o poder público faça. Ele não pode ser o executor (…) mas ele pode promover conversas, ele pode patrocinar por editais (…) pode abrir um edital para que organizações da sociedade civil ou mesmo o poder público submetam projetos de discussão de questões climáticas e cidades»","OFERTA CONCRETA COM INSTRUMENTO. O conselho profissional pode financiar por edital projetos climáticos de terceiros e do próprio poder público, dentro de suas finalidades legais. É fonte de recurso local, já existente e não acionada — e converge com a estratégia de ENT-008 de captar por meio de entidade parceira.",00:27:44,edital|patrocinio|conselho profissional|financiamento|parceria,inexistente,complementar,alta
ENT-014,4.1.4,SOC8,lacuna,"[participante]: «eu acho que hoje ela não existe [a cooperação regional]. É muito curioso, porque a gente está muito perto e muito distante ao mesmo tempo (…) foi na ocasião do plano de mobilidade que a gente percebeu que a gente estava olhando para a realidade de [outras capitais regionais], mas não estava considerando a região metropolitana imediata»","LACUNA COM EXEMPLO DOCUMENTADO. O plano setorial mais recente da cidade tomou como referência capitais distantes e ignorou os municípios conurbados. Converge com ENT-006, ENT-007 e ENT-009: a escala metropolitana não entra nos instrumentos de Maringá — nem quando o objeto é mobilidade pendular.",00:30:18,cooperacao regional|plano de mobilidade|regiao metropolitana|conurbacao|referencia,inexistente,convergente,alta
ENT-014,4.1.4,SOC8,percepcao,"[participante]: «Maringá ficou tanto com essa ficha de melhor cidade para se viver que a diferenciação para as pessoas às vezes é interessante: não, aquilo é [o vizinho], nós somos Maringá (…) de um lado parece que serve para um conformismo, por outro serve como uma distinção social (…) a integração não existe, e ela tem que existir, porque Maringá não tem esse aglomerado de precariedade visível justamente porque existem as cidades ao lado fazendo esse papel»","ACHADO CENTRAL SOBRE A ESCALA. O título de melhor cidade para se viver opera como barreira à cooperação regional, porque a distinção em relação aos vizinhos é socialmente valorizada. Nomeia o obstáculo político — e não técnico — à integração metropolitana, e é a leitura mais aguda do corpus sobre por que ela não avança.",00:31:10,cooperacao regional|reputacao|distincao social|conformismo|barreira politica,inexistente,isolada,alta
ENT-014,4.3.3,SOC2,percepcao,"[participante]: «me assusta um pouco esse título de melhor cidade para se viver às vezes, porque ninguém problematiza isso»","O capital reputacional da cidade, tratado como ativo em ENT-005 e ENT-012, é aqui lido como obstáculo à percepção do problema. Registra os dois lados do mesmo atributo — ele abre portas externas e fecha o debate interno.",00:31:10,reputacao|titulo|problematizacao|percepcao|posicionamento,em_implementacao,divergente,alta
ENT-014,2.1.4,SOC9,percepcao,"[participante]: «eu acho que ela tem [condição] (…) tem técnicos, servidores de carreira muito bons e qualificados (…) uma arquiteta urbanista com grande qualificação à frente de um instituto de planejamento que é referência nacional (…) tem um alinhamento de astros ali que precisa ser aproveitado»","Avaliação de que a capacidade técnica de base existe e está bem dirigida, e de que a conjuntura política é favorável. Diverge da leitura de escassez de ENT-008 e ENT-004 em um ponto importante: a qualificação existe, o que falta é quantidade e alocação.",00:38:44,capacidade tecnica|servidores|instituto de planejamento|conjuntura|qualificacao,em_implementacao,divergente,alta
ENT-014,4.3.3,SOC9,percepcao,"[participante]: «foi uma gestão eleita com grande aceitação popular (…) é uma gestão que tem um respeito da população, só que se não fizer também vai perder esse respeito. Então é a hora de mostrar»",O capital político da gestão é identificado como janela de oportunidade com prazo. Converge com ENT-005 («não pode ser só coach») e ENT-007 (o mito do planejamento): três sessões descrevendo a mesma condição habilitante política e o mesmo risco de sua perda.,00:40:00,capital politico|janela de oportunidade|entrega|legitimidade|gestao,em_implementacao,convergente,alta
ENT-014,1.1.7,SOC9,percepcao,"[participante]: «tem uma olhada para o futuro que é muito legal, muito importante, mas se não se colar na realidade não vai se efetivar, ou vai se efetivar para muito pouca gente — e daí é como se não tivesse efetivado»","Síntese da crítica: política climática sem alcance distributivo equivale a política não implementada. Estabelece um critério de avaliação para o plano de ação — não basta medir entrega, é preciso medir a quem ela chegou.",00:40:00,efetividade|alcance|equidade|avaliacao|criterio,inexistente,complementar,alta
ENT-014,2.1.5,SOC4,oportunidade,"[participante]: «tentar resgatar uma qualidade de infraestrutura urbana também para essas bordas, não só a que existe na região central, garantir que isso chegue nas regiões mais periféricas»","Prioridade de investimento proposta: extensão da qualidade de infraestrutura urbana — arborização, drenagem, espaço público — às áreas periféricas. Converge com o critério de equidade territorial que ENT-007 aplica ao enterramento da rede elétrica.",00:20:41,infraestrutura urbana|periferia|equidade|investimento|adaptacao,inexistente,convergente,alta
ENT-014,1.2.2,SOC2,declaracao,"[participante]: «a prefeitura tem tido uma proatividade, uma resposta rápida quando o evento acontece»","Avaliação positiva da capacidade de resposta imediata, convergente com ENT-005 e ENT-013 e divergente de ENT-006. A leitura consolidada do corpus é consistente: Maringá responde bem ao evento e não age sobre a causa.",00:13:07,resposta|emergencia|proatividade|capacidade,em_implementacao,convergente,alta
ENT-014,4.2.1,SOC2,lacuna,"[participante]: «é uma população que prefere arrancar a árvore para ela não cair e destruir a sua casa ou deixar a família impactada por dias, sem energia»","A percepção de risco individual está em conflito direto com o interesse coletivo de manutenção da cobertura arbórea, e não há mediação pública dessa tensão. Identifica o público-alvo e o conteúdo exato de uma campanha de sensibilização eficaz — e liga a lacuna de comunicação a uma perda patrimonial mensurável.",00:13:07,percepcao de risco|arborizacao|sensibilizacao|conflito|comunicacao,inexistente,convergente,alta
ENT-015,1.1.1,PUB1,declaracao,"[participante]: «do ponto de vista de execução, nós estamos no início; do ponto de vista de concepção, a gente tá no meio do caminho. Avançado, não»","Autoavaliação da liderança do Executivo, separando concepção de execução. É a formulação mais precisa do corpus sobre a maturidade de Maringá e reconcilia as leituras divergentes de ENT-008 («muito acima da média») e ENT-004 («estágio inicial»): a cidade está adiantada no que pensou e atrasada no que fez.",00:06:00,maturidade|concepcao|execucao|autoavaliacao|politica climatica,em_elaboracao,convergente,alta
ENT-015,1.1.5,PUB2,declaracao,"[participante]: «nós seríamos bastante vulneráveis a vento, ciclones e tornados por conta da nossa arborização (…) essa é a nossa maior vulnerabilidade (…) e com relação à intensidade de chuva, por conta de pontos de alagamento (…) o terceiro ponto é uma vulnerabilidade ambiental que, por conta das erosões, pode provocar perda de ativo natural importante nos fundos de vale»","Hierarquia oficial de risco em três níveis: vento sobre a arborização, alagamento e erosão em fundo de vale. Converge com todas as demais sessões quanto ao primeiro item — sexta confirmação de que a arborização é a vulnerabilidade central de Maringá.",00:07:34,vento|tornado|arborizacao|alagamento|erosao|hierarquia de risco,em_implementacao,convergente,alta
ENT-015,1.1.5,PUB2,declaracao,"[participante]: «há registro de óbito na cidade, no centro, em decorrência de um alagamento (…) num alagamento de dois palmos de água batendo na canela, por conta de um poste eletrificado, a água ficou eletrificada»","ACHADO CRÍTICO. Há óbito documentado por alagamento raso associado a eletrificação da água por poste. Contraria a avaliação — feita pelo próprio participante e presente em ENT-008 — de que o alagamento em Maringá produz apenas dano patrimonial, e liga os dois riscos principais da cidade: rede elétrica aérea e drenagem. Nenhum instrumento municipal citado trata dessa combinação.",00:07:34,obito|alagamento|rede eletrica|risco de vida|drenagem,em_implementacao,isolada,alta
ENT-015,3.2.4,PUB2,divergencia,"[participante]: «nós não temos dentro do perímetro urbano zonas habitacionais muito vulneráveis, como é o caso de favela (…) mais de 95% das nossas construções são sólidas»","QUINTA POSIÇÃO NA MESMA DIVERGÊNCIA. A liderança do Executivo reafirma a inexistência de aglomerado precário, alinhada ao registro oficial de zero ocupações (ENT-010-ENT-011) e a ENT-008. Contra: ENT-007 (ocupação em fundo de vale e movimento organizado), ENT-009 (periferia sem infraestrutura verde) e ENT-014 (áreas irregulares, passivo fundiário, casa de dois cômodos com quinze pessoas). A divergência atravessa o corpus inteiro e separa o poder público da sociedade civil técnica — precisa ser resolvida documentalmente antes de fixar o recorte de sensibilidade do plano.",00:07:34,favela|ocupacao irregular|vulnerabilidade|divergencia|registro oficial,inexistente,divergente,alta
ENT-015,3.1.1,PUB3,declaracao,"[participante]: «não temos dados satisfatórios e suficientes para tomar as providências necessárias, mas nós estamos providenciando isso»","Reconhecimento explícito da insuficiência de dados pela liderança do Executivo, com ação em curso. Converge com todas as sessões que apontam a lacuna e a converte de constatação externa em diagnóstico assumido. Dimensão «Muito alta».",00:12:31,dados|insuficiencia|diagnostico|levantamento|sistema,em_elaboracao,convergente,alta
ENT-015,3.2.2,PUB3,declaracao,"[participante]: «nós contratamos um robô que tá mapeando todos os pontos críticos dentro da rede de drenagem, conferindo se o que está embaixo da terra é o que nós temos desenhado e registrado na prefeitura — e já sabemos que não é. O que está na prefeitura dizendo que a galeria é ali, de fato não é ali»","ACHADO CRÍTICO SOBRE QUALIDADE DE DADO. O cadastro da rede de drenagem não corresponde à realidade física, constatado por inspeção robotizada em curso. Qualquer projeto de drenagem elaborado sobre a base cadastral atual está errado — o que reposiciona o levantamento como pré-requisito, e não como etapa paralela. Dimensão «Muito alta».",00:12:31,cadastro|drenagem|robo|divergencia cadastral|qualidade do dado,em_elaboracao,convergente,alta
ENT-015,1.1.5,PUB3,declaracao,[participante]: «nós temos emissários que terminam numa rede interrompida (…) isso compromete muito a vazão e isso nunca seria aprovado. Aparentemente foi uma ligação clandestina que lá atrás a prefeitura não fiscalizou (…) evidentemente que um desses pontos de alagamento está em função disso»,"ACHADO. Ao menos um ponto crítico de alagamento decorre de execução irregular não fiscalizada na rede de drenagem, descoberta agora pela inspeção. Converge com ENT-008 e ENT-010-ENT-011 sobre a origem do alagamento estar na rede, e acrescenta a causa: falha histórica de fiscalização, não insuficiência de projeto.",00:12:31,ligacao clandestina|emissario|fiscalizacao|alagamento|passivo,inexistente,convergente,alta
ENT-015,3.2.3,PUB3,declaracao,"[participante]: «estamos providenciando a instalação de 20 mini estações meteorológicas que vão nos permitir monitorar ventos e índice de pluviosidade (…) essa rede tem o compromisso contratual de nos fornecer previsibilidade com elevado grau de precisão com três dias de antecedência, o que serve para emitir alerta e para tomar providências»","ACHADO DECISIVO. Rede própria de vinte estações meteorológicas em contratação, com previsão contratada de três dias. É a primeira capacidade de monitoramento climático em tempo real da cidade, e ataca diretamente a lacuna «Muito alta» de dados de risco. Converge com o achado de ENT-003 sobre dados meteorológicos primários já em circulação — a diferença é que aqui a capacidade passa a ser municipal e formalizada.",00:12:31,estacao meteorologica|monitoramento|previsao|alerta|dados de risco,em_elaboracao,isolada,alta
ENT-015,1.1.7,PUB4,oportunidade,"[participante]: «com três dias de antecedência, se eu souber que o vento vai passar numa determinada área da cidade, eu posso verificar quais árvores já estão condenadas e que precisam de remoção, e tentar remover antes do evento. Isso mudaria completamente o nosso cronograma de remoção de árvores»","DESENHO OPERACIONAL COMPLETO. Previsão meteorológica local combinada a cadastro arbóreo com laudo permite priorizar remoção preventiva por área e por janela de risco. Converte as duas maiores lacunas do corpus — dado de risco e manejo da arborização — em um único procedimento executável, e é a proposta com melhor razão entre custo e dano evitado registrada em qualquer sessão.",00:12:31,previsao|manejo preventivo|arborizacao|priorizacao|alerta|adaptacao,em_elaboracao,isolada,alta
ENT-015,3.2.2,PUB3,declaracao,"[participante]: «[estamos providenciando] a atualização de todo o cadastro de arborização com laudo de remoção, para que a gente possa minimizar significativamente os problemas»",Atualização do cadastro arbóreo com laudo técnico de remoção em curso. Responde à proposta de inventário e mapa de danos de ENT-007 e ao acesso negado ao inventário existente relatado em ENT-010-ENT-011 — o cadastro está sendo refeito enquanto a consultoria do plano climático não recebe o que já existe.,00:12:31,cadastro arboreo|laudo|inventario|manejo|dados,em_elaboracao,convergente,alta
ENT-015,2.1.1,PUB6,declaracao,[participante]: «esses investimentos nós estamos fazendo com recursos da prefeitura»,"As duas maiores iniciativas de dados climáticos da cidade — inspeção da rede e rede meteorológica — são custeadas com recurso próprio. Confirma o padrão de ENT-003, ENT-004 e ENT-008: Maringá financia a agenda climática com tesouro municipal, o que é ao mesmo tempo sinal de prioridade e limite de escala.",00:15:27,recurso proprio|tesouro municipal|investimento|dados|autofinanciamento,em_implementacao,convergente,alta
ENT-015,2.2.1,PUB5,declaracao,"[participante]: «o orçamento ainda é transversal. Nós não temos uma unidade orçamentária específica para tratar desse assunto. A maior parte desse recurso está na Defesa Civil, na Secretaria de Urbanização e Limpeza Pública, onde está a arborização, e na Secretaria de Infraestrutura, onde está a drenagem. Ele existe, mas tá [distribuído]»","EVIDÊNCIA DEFINITIVA DA DIMENSÃO. Não há unidade orçamentária nem marcação climática; o gasto existe, está distribuído em três pastas e é identificável apenas por conhecimento pessoal de quem dirige. Confirma a resposta «nenhuma» de ENT-012 e reconcilia a divergência com ENT-013: há priorização, não há rastreabilidade. Dimensão «Muito alta».",00:17:05,orcamento verde|unidade orcamentaria|transversal|marcacao|rastreamento,inexistente,convergente,alta
ENT-015,1.1.7,PUB4,declaracao,"[participante]: «esse processo está sendo desenvolvido nesse momento, com a implementação efetiva do plano de adaptação climática (…) escrever um plano é uma coisa, colocar em prática é outra. Nós tínhamos um plano, mas agora estamos de fato colocando em prática»","O sistema de monitoramento das ações climáticas está sendo construído junto com a implementação do plano — ou seja, ainda não existe. Dimensão «Muito alta» que segue sem evidência positiva em todo o corpus, agora confirmada.",00:17:05,monitoramento|indicador|plano|implementacao|adaptacao,em_elaboracao,convergente,alta
ENT-015,2.1.5,PUB7,declaracao,"[participante]: «Fundo Clima é uma opção principalmente para a estrutura de drenagem, porque drenagem é muito caro e não tem fonte de receita, não tem de onde tirar. Então o financiamento acaba sendo uma das únicas alternativas que a gente tem para esses investimentos mais pesados»","DIAGNÓSTICO FINANCEIRO PRECISO. A drenagem é o único componente da infraestrutura de saneamento sem receita vinculada, e por isso depende de financiamento. Define a estratégia financeira de adaptação de Maringá e converge com a preferência por operação de crédito de porte manifestada em ENT-008. Dimensão «Muito alta».",00:18:24,Fundo Clima|drenagem|financiamento|receita vinculada|estrategia financeira,em_elaboracao,convergente,alta
ENT-015,2.3.3,PUB7,oportunidade,[participante]: «nós estamos articulando com o governo federal que seja regulamentada a cobrança de uma taxa de drenagem. Por que via governo federal? Porque eu nunca vou conseguir aprovar na Câmara a cobrança de uma taxa de drenagem (…) do mesmo jeito que hoje é obrigatória a cobrança da taxa de lixo (…) senão o município fica impossibilitado de receber recursos para saneamento»,"ACHADO ESTRUTURANTE SOBRE DIVERSIFICAÇÃO DE RECEITA. Estratégia de criar fonte permanente para drenagem por indução federal, contornando o veto político local — com precedente na taxa de resíduos. É a proposta mais consequente do corpus para a dimensão de diversificação de receitas ambientais, e a única que resolveria estruturalmente o financiamento da drenagem em vez de financiá-la por dívida.",00:29:03,taxa de drenagem|receita|regulamentacao federal|saneamento|diversificacao,inexistente,isolada,alta
ENT-015,2.4.1,PUB7,oportunidade,"[participante]: «mecanismos legais, estratégia de construção de leis que nos permitam trocar, por exemplo, outorga onerosa por obras voltadas à mitigação e à adaptação climática. Em vez de entrar dinheiro no caixa e depois a gente ter toda a burocracia para comprar (…) a gente faz a troca e recebemos exatamente aquilo que nós precisamos. Essas leis já estão sendo aprovadas na Câmara, algumas já aprovadas»","ACHADO ESTRUTURANTE, JÁ EM VIGOR. Conversão de outorga onerosa em obra climática executada pelo empreendedor, com parte da legislação já aprovada. Responde exatamente à proposta espontânea de ENT-004 («receber intervenções em vez de dinheiro») e ao IPTU Verde empresarial de ENT-012 — três formulações independentes do mesmo mecanismo, e esta já é lei. É a condição habilitante mais avançada identificada em Maringá.",00:18:24,outorga onerosa|contrapartida|investimento privado|legislacao|mitigacao|adaptacao,regulamentado,convergente,alta
ENT-015,2.1.5,PUB7,declaracao,"[participante]: «elas vão nos permitir investir bastante em agrofloresta urbana para termos pontos de redução de ondas de calor, diversos equipamentos que a gente vai poder implantar na cidade, pontos de resfriamento para a população quando tiver calor muito intenso, que virão dessas compensações ou de relatório de impacto (…) ou compensações por outorga»",Destinação já definida para a receita em obra: agrofloresta urbana e pontos de resfriamento contra onda de calor. Liga o instrumento de compensação diretamente ao risco térmico quantificado em ENT-010-ENT-011 e ao gradiente de 5 °C relatado em ENT-009 — e é a única medida de adaptação a calor com fonte identificada no corpus.,00:18:24,agrofloresta urbana|onda de calor|ponto de resfriamento|compensacao|adaptacao,em_elaboracao,complementar,alta
ENT-015,4.2.2,PUB7,declaracao,"[participante]: «o [sindicato da construção civil] criou há vários anos um prêmio de sustentabilidade na construção civil (…) foi o primeiro do Brasil (…) hoje se torna uma referência, vários [sindicatos] no Brasil inteiro estão adotando (…) foi estimulado pelo próprio setor privado. O poder público não tinha nada a ver com isso»","ACHADO POSITIVO. Iniciativa privada autônoma de indução de sustentabilidade na construção civil, nascida em Maringá e replicada nacionalmente, sem participação do poder público. Confirma o capital organizacional privado documentado em ENT-005 e ENT-012 — e mostra que, no setor com maior peso de emissões, ele já está mobilizado.",00:24:19,setor privado|construcao civil|premio|sustentabilidade|referencia nacional,efetivo,convergente,alta
ENT-015,4.2.2,PUB7,declaracao,"[participante]: «a gente tem já uma consciência do setor privado relativamente elevada em relação a esse tema, o que facilita o nosso trabalho: a gente tem menos barreiras na hora de impor mecanismos legislativos (…) na verdade a gente tá aproveitando um cenário para poder avançar mais»",A maturidade do setor privado local é usada deliberadamente como janela para aprovar regulação climática. Diverge da leitura de ENT-005 (empresariado contra o enterramento da rede) e de ENT-012 (visão economicista como barreira) — as três podem coexistir: o setor apoia o que valoriza seu produto e resiste ao que apenas lhe impõe custo.,00:24:19,setor privado|regulacao|janela politica|engajamento|legislacao,em_implementacao,divergente,alta
ENT-015,2.4.2,PUB7,oportunidade,"[participante]: «na revisão do parcelamento do solo (…) o empreendedor pode apresentar projetos que não tenham nada a ver com ligar a tubulação num emissário. Ele pode propor bacia de detenção que num loteamento ele pode transformar num espelho d'água com valor estético para melhorar o valor da venda dos terrenos que ficam no fundo de vale (…) a gente reduz o impacto, mas ajuda o empresário também»","DESENHO DE INCENTIVO ALINHADO. Flexibilização da exigência de drenagem permitindo solução baseada na natureza que valoriza o empreendimento — o terreno de fundo de vale, historicamente o mais barato, passa a ser o mais valorizado. Alinha interesse privado e redução de risco sem subsídio público, e responde à impermeabilização apontada em ENT-006, ENT-007 e ENT-012.",00:24:19,bacia de detencao|parcelamento do solo|incentivo|solucao baseada na natureza|drenagem,em_elaboracao,isolada,alta
ENT-015,2.1.3,PUB7,divergencia,"[participante]: «para ser bem sincero, eu não acho que o Brasil vai ser bem-sucedido na captação de recursos internacionais para questões climáticas, exceto o que já está acontecendo, que é o recebimento de bilhões para a Amazônia (…) para infraestrutura urbana sinceramente eu não tenho esperança. O Brasil contribui muito mais para o desequilíbrio climático (…) nós estaríamos entre os países pagadores e não recebedores»","POSIÇÃO DIVERGENTE DA PREMISSA DO PROJETO. A liderança do Executivo avalia como improvável a captação internacional para infraestrutura urbana no Brasil, por razões de justiça climática e de competição global. Converge com a crítica de ENT-008 aos editais e reorienta o plano de ação: se a leitura estiver correta, o esforço deve concentrar-se em receita própria, crédito interno e recurso privado, não em fundos internacionais. Divergência preservada.",00:29:03,financiamento internacional|justica climatica|captacao|prioridade|divergencia,inexistente,divergente,alta
ENT-015,1.1.1,PUB1,declaracao,"[participante]: «temos uma legislação (…) que obrigue o poder público a comprar construções de baixo carbono. Se a gente vai fazer uma escola, uma creche, um prédio público, esse prédio deveria ser de baixo carbono, ou o ideal, carbono negativo (…) se o poder público não usar o seu poder de compra para dar exemplo, os outros não farão. Isso está sendo incluído no código de edificações e no nosso processo de compras sustentáveis»","ACHADO. Uso do poder de compra público como instrumento de mitigação, em elaboração no código de edificações e nas normas de compra. Responde diretamente à oferta de pesquisa em retrofit energético de edifício público de ENT-006 — a demanda regulatória e a capacidade técnica existem na cidade e não se encontraram.",00:39:17,compras publicas|baixo carbono|edificacao|mitigacao|poder de compra,em_elaboracao,isolada,alta
ENT-015,1.1.1,PUB6,declaracao,"[participante]: «agora nós estamos comprando combustível 100% biocombustível para a nossa frota (…) não tem mistura de diesel fóssil e isso reduz em 90% as emissões (…) o preço do biodiesel está atrelado à soja, que varia muito mais do que o petróleo (…) a gente está trabalhando numa equação financeiramente complexa»","AÇÃO DE MITIGAÇÃO EM CURSO, COM CUSTO E RISCO ASSUMIDOS. Substituição integral do diesel da frota por biocombustível, com redução declarada de 90% das emissões e exposição do orçamento à volatilidade da soja. Confirma e amplia o projeto de descarbonização citado em ENT-004 e ENT-008 — e é a decisão de mitigação de maior efeito e maior risco fiscal do corpus.",00:47:41,biocombustivel|frota|descarbonizacao|emissoes|volatilidade|mitigacao,em_implementacao,convergente,alta
ENT-015,2.2.2,PUB10,declaracao,"[participante]: «a gente conseguir vencer as barreiras do Tribunal de Contas e do Ministério Público, que fica questionando por que eu tô comprando um combustível mais caro se todo mundo tá pagando mais barato. Eles vão entender que esse preço não é o preço da bomba (…) a gente apanha muito, a gente responde muita ação e inquérito»","ACHADO DE CONTROLE EXTERNO. A decisão de mitigação com custo unitário maior é questionada por órgãos de controle porque não existe forma reconhecida de valorar o benefício climático evitado. Liga diretamente a ausência de rastreamento e valoração do gasto climático (dimensão «Muito alta») a um obstáculo jurídico concreto — e converge com a calculadora de carbono em desenvolvimento relatada em ENT-008, que é exatamente a resposta a essa objeção.",00:47:41,Tribunal de Contas|Ministerio Publico|valoracao|carbono|controle externo|compras,inexistente,convergente,alta
ENT-015,1.2.1,PUB8,declaracao,"[entrevistador]: «eu tenho uma caixinha na prefeitura responsável pelo tema das mudanças climáticas?» / [participante]: «hoje sou eu mesmo. Porém a minha expectativa é de que o [instituto de planejamento] faça isso — mas é uma expectativa, confesso, ainda pouco correspondida (…) o instituto em si não tem demonstrado o nível de comprometimento que eu esperava»","ACHADO CENTRAL DE GOVERNANÇA. A titularidade da agenda climática está na pessoa do chefe do Executivo, e a unidade destinada a assumi-la ainda não a assumiu. Confirma, no nível máximo, a lacuna apontada em ENT-008, ENT-010-ENT-011, ENT-012 e ENT-014, e explica por que a coordenação horizontal descrita em ENT-003 funciona por escalonamento pessoal: é assim que ela está desenhada. Dimensão «Muito alta».",00:45:16,titularidade|governanca|instituto de planejamento|coordenacao|personalizacao,inexistente,convergente,alta
ENT-015,1.2.1,PUB8,declaracao,"[participante]: «eu entendo que não deve ser algo impositivo. Não adianta eu chegar para um setor da prefeitura e dizer: daqui para frente você vai fazer — porque no dia que eu não for mais prefeito, isso aí acaba. Eu gostaria que viesse de baixo para cima (…) minha expectativa é que até o final do ano o [instituto] seja o órgão que vai ter a responsabilidade de cuidar das questões climáticas»","A própria liderança nomeia o risco de descontinuidade que atravessa o corpus (ENT-003, ENT-007, ENT-010-ENT-011) e escolhe deliberadamente a institucionalização por adesão em vez de ato normativo, com prazo declarado. Registra uma decisão de método cujo resultado é verificável ao fim do ano — e cujo fracasso deixaria a agenda sem titular.",00:45:16,institucionalizacao|descontinuidade|adesao|prazo|governanca,em_elaboracao,convergente,alta
ENT-015,1.2.1,PUB8,declaracao,"[participante]: «o cérebro deveria ser o [instituto de planejamento]; os membros, depois cada um vai cumprir o seu papel. A execução vai continuar distribuída, isso não tem como ser diferente»","Desenho institucional pretendido: planejamento e monitoramento centralizados no instituto, execução distribuída pelas secretarias. Converge com a proposta de comitê de ENT-010-ENT-011 e com a de instância transversal de ENT-012 — três formulações do mesmo arranjo, o que o torna a recomendação de governança mais consensual do diagnóstico.",00:46:27,governanca|centralizacao|planejamento|execucao|arranjo institucional,em_elaboracao,convergente,alta
ENT-015,4.1.2,PUB9,declaracao,[participante]: «eu estou na presidência da comissão de meio ambiente e mudança climática da [frente nacional de prefeitos] e os contatos que eu faço com o governo federal são contatos por ela (…) eles estão tratando com uma entidade que representa 70% da população brasileira. A relação tem sido muito positiva. Nós temos feito reuniões com diversos ministérios propondo que a gente aproxime a pauta municipal da pauta federal»,"ACHADO DECISIVO DE COORDENAÇÃO VERTICAL. O acesso ao governo federal se dá por meio de posição de liderança em entidade nacional de municípios, não pela via municipal ordinária. Explica a articulação da taxa de drenagem e diverge frontalmente de ENT-004 («a nível federal não conhecemos ninguém») — o canal existe e está concentrado em uma pessoa, o que o torna eficaz e não transferível.",00:40:41,governo federal|frente de prefeitos|articulacao|coordenacao vertical|acesso,efetivo,divergente,alta
ENT-015,4.1.2,PUB9,percepcao,"[participante]: «a partir do momento que porventura a gente tenha um governo negacionista, como já tivemos e podemos ter novamente (…) aí pode ser que a gente tenha dificuldade desse relacionamento, porque não há interesse de tratar do assunto»","Risco declarado de descontinuidade da cooperação federal por mudança de orientação política nacional. Registra que a condição habilitante vertical de Maringá depende de uma conjuntura, e reforça o argumento por fontes locais e permanentes de receita.",00:40:41,governo federal|descontinuidade|risco politico|articulacao|negacionismo,em_implementacao,complementar,alta
ENT-015,4.2.1,PUB10,percepcao,"[participante]: «o problema mais relevante nesse momento é consciência, as pessoas entenderem do que nós estamos falando (…) as pessoas pensam que alguém precisa tratar desse assunto (…) só não conseguem enxergar onde é que eu entro na história (…) Nós precisamos fazer investimentos importantes no processo de conscientização»","BARREIRA NÚMERO UM SEGUNDO A LIDERANÇA DO EXECUTIVO. Sexta convergência do corpus sobre comunicação e percepção (com ENT-004, ENT-008, ENT-009, ENT-012, ENT-013): o obstáculo declarado não é técnico nem financeiro, é a ausência de nexo percebido entre o problema e a conduta individual. Nenhum outro item reúne concordância equivalente entre setores.",00:47:41,conscientizacao|percepcao|comunicacao|barreira|participacao,inexistente,convergente,alta
ENT-015,2.1.4,PUB6,divergencia,"[entrevistador]: «se a gente chegasse com um cheque, vocês dão conta de fazer projeto?» / [participante]: «se você levar essa conta para uns 50 milhões de dólares, a gente dá conta (…) a prefeitura não dá conta de fazer, não. Mas nós temos hoje uma cultura em Maringá de que quando a gente tem uma fonte de recurso e precisa de um projeto, a gente ganha o projeto de presente da sociedade. Só nos dois últimos anos ganhamos [milhões em] recursos que o setor privado, pessoas físicas e jurídicas, doaram (…) o recurso era possível de ser captado, faltava projeto»","DIVERGÊNCIA CENTRAL DO DIAGNÓSTICO. Contra o achado mais convergente do corpus — a falta de projetos estruturados como barreira número um (ENT-004, ENT-007, ENT-008, ENT-010-ENT-011) — a liderança do Executivo afirma que o gargalo está resolvido por uma via não institucional: a doação de projetos pelo setor privado. As duas leituras são conciliáveis e o resultado é o achado mais importante desta sessão: a capacidade de preparar projeto existe em Maringá, e existe fora da prefeitura, por doação, sem previsibilidade nem escala garantida. Confirma a admissão «a prefeitura não dá conta de fazer» e converge com a doação de projetos que ENT-008 já discutia com a sociedade civil.",00:56:49,doacao de projeto|preparacao de projeto|setor privado|capacidade|divergencia|captacao,em_implementacao,divergente,alta
ENT-015,2.1.5,PUB6,declaracao,"[participante]: «a nossa intenção é fazer com que os bosques sejam mais utilizados pela população (…) construir passarelas suspensas, as pessoas vão conhecer a mata de cima para baixo (…) [seguindo] o que a cidade de Barranquilla fez (…) o projeto está pronto, está bem legal, mas ainda não temos recurso para viabilizar isso»","PROJETO PRONTO SEM FONTE. Intervenção de uso público em bosque urbano, com referência internacional explícita e projeto concluído, aguardando recurso. Converge com ENT-012, que estima em R$ 10 a 15 milhões a correção da erosão nesse mesmo tipo de área — os dois relatos, somados, descrevem um ativo ambiental degradado com projeto pronto e sem financiamento.",00:47:41,bosque|passarela suspensa|projeto pronto|referencia internacional|financiamento,em_elaboracao,convergente,alta
ENT-015,4.3.1,PUB9,declaracao,"[participante]: «se o Banco Interamericano [não] tivesse investido, não teriam feito (…) foi um investimento muito alto, pouco compreendido na época, mas que deu o resultado que se precisava. As pessoas hoje protegem o manguezal em vez de invadir (…) esse nível de análise de investimento, eu sinto que a gente ainda não tem»",Aprendizagem entre pares com leitura crítica do que falta localmente: capacidade de análise de investimento que justifique aporte alto por resultado ambiental de longo prazo. Nomeia com precisão a competência técnica ausente para acessar financiamento multilateral — e converge com a necessidade de valoração apontada em ENT-008.,00:47:41,aprendizagem entre pares|BID|analise de investimento|referencia|capacidade,inexistente,convergente,alta
ENT-015,1.1.1,PUB1,declaracao,"[participante]: «no nosso caso eu penso que a mitigação é mais importante do que a adaptação. A gente pode fazer mais na mitigação até do que na adaptação, por conta de não sermos uma cidade muito vulnerável (…) para a gente reduzir a nossa pegada de carbono e a partir daí ter a oportunidade de compartilhar a experiência e mostrar o caminho para outras cidades»","ESCOLHA ESTRATÉGICA EXPLÍCITA. A liderança prioriza mitigação sobre adaptação, com dois argumentos: baixa vulnerabilidade relativa e vocação de referência nacional. Diverge da leitura de ENT-014 (o passivo presente exige adaptação antes da inovação) e do peso que o próprio corpus dá à arborização, à drenagem e à erosão. É a divergência de prioridade mais consequente do diagnóstico, porque determina para onde vai o recurso.",00:18:24,mitigacao|adaptacao|prioridade|pegada de carbono|estrategia|divergencia,em_implementacao,divergente,alta
ENT-015,4.3.3,PUB9,declaracao,"[participante]: «Maringá tá na posição de estabelecer esses parâmetros, esses dados e paradigmas para que outras cidades, ou até o governo estadual e o federal, possam tomar algum tipo de iniciativa»","O posicionamento como cidade-referência é assumido como objetivo de política, e não apenas como reputação herdada. Converge com ENT-005, ENT-012 e ENT-014 quanto ao ativo, e acrescenta a intenção deliberada de convertê-lo em influência sobre outros entes.",00:47:41,posicionamento|referencia|paradigma|rede de cidades|influencia,em_implementacao,convergente,alta
ENT-016,1.1.5,PRI1,declaracao,"[participante]: «uma questão da mudança meteorológica que gera aqueles ventos mais fortes, que geram queda de árvores (…) nós não tínhamos esses ventos tão fortes no passado (…) a questão também de sazonalidade de chuvas: períodos que nós tínhamos chuvas mais regulares, agora a gente tem períodos muito chuvosos e outros pouco chuvosos»","Sétima confirmação do par vento–arborização como risco principal, agora do setor privado organizado, somada à irregularidade sazonal da chuva. Converge com a série histórica de ENT-010-ENT-011.",00:09:11,vento|arborizacao|sazonalidade|chuva|risco,em_implementacao,convergente,alta
ENT-016,1.1.5,PRI1,declaracao,[participante]: «a questão do ciclo de chuvas vai impactar tanto na captação de água (…) e também para a agricultura da nossa região»,"O setor econômico identifica dois vetores de impacto que o corpus público não trata: abastecimento e produção agrícola regional. Converge com a vulnerabilidade de captação relatada em ENT-005, ENT-009 e ENT-014, e acrescenta a dimensão econômica regional — ausente de todos os instrumentos municipais citados.",00:09:11,captacao de agua|agricultura|economia regional|chuva|impacto,em_implementacao,complementar,alta
ENT-016,1.1.6,PRI2,divergencia,"[participante]: «a gente expandiu a área da mata [ciliar] de 30 para 60 m (…) esses 30 não utilizados para nada viraram um problema, porque o município não comprou essa área, ficou na mão do cidadão. Ele não pode fazer nada com essa área, tem obrigação de fazer a limpeza, de tirar espécies invasoras, paga o IPTU sobre essa área — e aí vira aquele contrassenso: a pessoa fica mais com raiva do que com benefício»","ACHADO REGULATÓRIO. A exigência ambiental municipal acima da norma federal — celebrada em ENT-009 — criou passivo privado sem compensação: obrigação de manejo, incidência de IPTU e proibição de uso. Registra que a condição habilitante normativa produziu resistência ao invés de adesão, e que o desenho fiscal do instrumento nunca foi feito.",00:10:37,mata ciliar|passivo|IPTU|compensacao|regulacao|contrassenso,regulamentado,divergente,alta
ENT-016,2.3.3,PRI6,oportunidade,"[participante]: «na minha área ambiental eu poderia ter uma isenção de IPTU; você poderia usar aquela área ambiental como um crédito (…) que gere um potencial construtivo num prédio usando aquela área, desde que ela [seja] mantida por X anos. Criar políticas de incentivo — porque aí você não vai precisar do poder fiscalizador do estado (…) você tá cuidando porque você tem um benefício»","ACHADO ESTRUTURANTE. Transferência de potencial construtivo e isenção fiscal condicionadas à conservação de área ambiental privada, com prazo. Converte passivo em ativo, substitui fiscalização por incentivo e não exige desembolso do município. Converge com a outorga onerosa já regulamentada em ENT-015 e com o IPTU Verde empresarial de ENT-012 — três desenhos convergentes de compensação por conservação.",00:21:33,potencial construtivo|isencao|conservacao|incentivo|receita|instrumento,inexistente,convergente,alta
ENT-016,2.3.1,PRI6,lacuna,"[entrevistador]: «e o fato do IPTU verde ser só para CPF, não para CNPJ?» / [participante]: «qual a diferença? [A empresa] não tem que ter usina solar, não tem que ter aproveitamento de água de chuva, não tem que ter segregação de lixo? Você tem que incentivar. E tem que tirar a burocracia do IPTU Verde — tem que ser algo simples, fácil, acessível»","SEGUNDA CONVERGÊNCIA SOBRE A LACUNA DO INSTRUMENTO. O IPTU Verde não alcança pessoa jurídica e é burocrático — mesmo diagnóstico de ENT-012, agora do lado do contribuinte empresarial. Duas fontes independentes, de setores distintos, apontam a mesma correção no único instrumento econômico-climático da cidade.",00:27:31,IPTU verde|pessoa juridica|burocracia|incentivo|instrumento,regulamentado,convergente,alta
ENT-016,2.4.1,PRI6,percepcao,[entrevistador]: «hoje você acha que tem mais punição do que incentivo?» / [participante]: «Certeza. Não tem incentivo nenhum»,"Avaliação categórica do setor privado organizado: a relação com a agenda ambiental municipal é exclusivamente punitiva. Contrasta com ENT-015, que descreve consciência privada elevada e legislação de compensação já aprovada — as duas leituras convivem se os instrumentos novos ainda não chegaram a quem os percebe. Divergência a resolver com a cronologia das leis.",00:24:18,incentivo|punicao|setor privado|instrumento|percepcao,inexistente,divergente,alta
ENT-016,2.4.1,PRI9,declaracao,"[participante]: «burocracia, acho que é a principal barreira: qualquer coisa demora muito. Alvarás, liberações, autorizações (…) eu tenho um empreendimento agora mesmo, tá 8 meses parado esperando autorização de corte de árvore (…) já tem laudo, já tem engenheiro, já tem tudo lá e a coisa não vai»","BARREIRA NÚMERO UM SEGUNDO O SETOR PRIVADO, COM MEDIDA. Oito meses de espera por autorização de supressão arbórea com laudo pronto. Converge com a fila de poda relatada em ENT-007 e com a restrição de equipe do órgão ambiental descrita em ENT-008 — a mesma escassez de capacidade que atrasa o serviço público atrasa o investimento privado, e produz aqui o mesmo efeito perverso: pressão pela via informal.",00:35:18,burocracia|licenciamento|prazo|capacidade|investimento privado|barreira,inexistente,convergente,alta
ENT-016,1.2.2,PRI9,percepcao,"[participante]: «eu não sei se é falta de pessoal, se é falta de infraestrutura (…) é falta de investimento tecnológico, se é falta de botar um processo mais prático»","O setor privado percebe a lentidão sem identificar sua causa. ENT-008 e ENT-012 a fornecem: municipalização recente do licenciamento e equipe insuficiente. A modernização do licenciamento, citada em ENT-008 como um dos quatro projetos da pasta, é a resposta direta a esta reclamação.",00:35:18,licenciamento|modernizacao|capacidade|processo|tecnologia,inexistente,convergente,alta
ENT-016,1.1.4,PRI2,divergencia,"[participante]: «o município liberou que, após uma aprovação, o próprio cidadão pudesse fazer a retirada da árvore. Isso é algo positivo»","DIVERGÊNCIA DE AVALIAÇÃO SOBRE A MESMA MEDIDA. O setor privado avalia positivamente a delegação da supressão arbórea ao particular; ENT-014 registra a mesma prática como perda do ativo urbano, deferida sem contrapartida de replantio. Não há divergência quanto ao fato, apenas quanto ao juízo — e a diferença desaparece se a autorização passar a exigir replantio, que é a correção que o próprio corpus sugere.",00:10:37,supressao|autorizacao|arborizacao|replantio|divergencia,regulamentado,divergente,alta
ENT-016,1.1.4,PRI3,oportunidade,"[participante]: «nós precisamos ter um sistema de acompanhamento das árvores (…) já teve no passado mapeamento das árvores que estão comprometidas para serem retiradas e replantadas (…) e a questão da poda ser mais eficiente, para evitar os danos, [nas que] têm que ser podadas para não cair em cima dos pontos de luz»",Convergência do setor privado com a proposta de inventário e manejo preventivo de ENT-007 e com o cadastro arbóreo em atualização relatado em ENT-015 — e a menção a mapeamento anterior reforça a hipótese de ENT-010-ENT-011 de que o inventário já existe e não circula.,00:16:48,inventario arboreo|poda|manejo|rede eletrica|prevencao,em_elaboracao,convergente,alta
ENT-016,1.1.7,PRI4,lacuna,"[participante]: «quando chega, chega sempre de surpresa. Vai ter amanhã um alerta de vendaval, tá, beleza — mas o que a cidade vai fazer? Não vai fazer nada, porque ela não se preparou com tempo suficiente (…) você não resolve de um dia para o outro, você tem que ter um trabalho constante e permanente»","LACUNA DE PREPARO, COM O NEXO EXATO. O alerta existe e não encontra estrutura de resposta preventiva, porque a preparação exige manutenção contínua e não ação de véspera. É precisamente a lacuna que a rede de estações meteorológicas e o cadastro arbóreo de ENT-015 pretendem fechar — e mostra que o dado sozinho não resolve.",00:17:45,alerta|preparo|manutencao|prevencao|resposta,inexistente,convergente,alta
ENT-016,2.1.5,PRI3,oportunidade,"[participante]: «questão da destinação do lixo (…) a gente visitou usinas de reciclagem no Japão (…) aproveita-se tudo, transforma-se tudo (…) eu me sinto incomodado de ter um lixão ainda na cidade»","Prioridade de investimento apontada pelo setor privado: encerramento do aterro e usina de tratamento com recuperação de material. Converge com o programa de resíduos descrito em ENT-008 e ENT-013 — e mostra que a agenda de resíduos tem apoio empresarial declarado, o que a torna a candidata mais viável a investimento privado.",00:15:38,residuos|aterro|reciclagem|usina|investimento|economia circular,inexistente,convergente,alta
ENT-016,4.2.2,PRI5,declaracao,"[participante]: «quando eu estava na presidência [da associação], nós chegamos, naquele ano, a ser o município do Brasil com maior número de empresas filiadas ao Pacto Global da ONU. Então o empresariado local é aderente à questão ambiental, não só ambiental, mas também [às] ODS»",ACHADO. Maringá teria liderado o país em adesão empresarial ao Pacto Global da ONU. É a evidência mais forte do corpus sobre maturidade do setor privado local em agenda ambiental — e um ativo de credibilidade diretamente utilizável na estruturação de arranjos de financiamento privado. Verificar o dado na Matriz 2.,00:19:05,Pacto Global|ODS|setor privado|adesao|referencia nacional,efetivo,convergente,alta
ENT-016,4.2.3,PRI7,declaracao,"[participante]: «nós temos 400 voluntários lá dentro, que doam o nosso tempo para a entidade, divididos em câmaras técnicas (…) o tema ambiental acaba sendo um tema transversal, porque todo mundo tem algum impacto (…) o meio ambiente está sempre sendo discutido em quase todas as câmaras técnicas»","ESTRUTURA DISPONÍVEL E JÁ TRANSVERSAL. Conselho de desenvolvimento econômico com quatrocentos voluntários organizados em câmaras técnicas setoriais, com pauta ambiental já presente de forma transversal. Confirma e qualifica a proposta de ENT-005 de levar a agenda climática a essa instância: a transversalidade já existe, falta a pauta ser explícita e deliberativa.",00:19:05,conselho|voluntarios|camaras tecnicas|transversalidade|governanca,efetivo,convergente,alta
ENT-016,4.2.3,PRI7,declaracao,[participante]: «a gente não tem nenhum tipo de recurso próprio lá como entidade. A gente é formatado por membros da sociedade civil organizada e por membros da própria prefeitura»,"Composição mista e ausência de recurso próprio da entidade. Diverge do relato de ENT-005, segundo o qual há lei municipal que financia secretaria executiva e corpo técnico do conselho. A divergência importa: define se a instância teria ou não meios para assumir uma pauta climática. Verificar a lei na Matriz 2.",00:19:05,conselho|financiamento|composicao|estrutura|divergencia,formalizado,divergente,media
ENT-016,4.2.3,PRI7,lacuna,"[participante]: «acho que eles precisam ser fortalecidos (…) o município tem assim um ouvido, mas eu acho que tinha que ter uma oitiva mais aberta (…) não é só uma visão unilateral de um servidor público que acha que tem problema ambiental de todas as maneiras, sem ouvir o todo para poder trazer as soluções»",O canal de diálogo entre setor privado organizado e administração ambiental é avaliado como insuficiente. Converge com a carta sem resposta de ENT-007 e as 25 propostas sem desdobramento de ENT-009 — três setores distintos relatando ausência de fluxo institucional de recepção e resposta a proposta externa.,00:28:43,dialogo|conselho|recepcao|participacao|resposta institucional,inexistente,convergente,alta
ENT-016,4.2.2,PRI7,declaracao,"[participante]: «dos maiores ativos de Maringá se chama associativismo e cooperativismo (…) a sociedade civil e o município trabalhando juntos. Não importa quem seja o governante, não importa qual seja a ideologia: se está na cadeira, a gente está lá para ajudar»","Terceira confirmação do capital associativo como principal ativo da cidade (com ENT-005 e ENT-007), com o acréscimo decisivo de que ele é apartidário e sobrevive à alternância. É a condição habilitante mais resistente à descontinuidade identificada no corpus — e a única que não depende de quem governa.",00:30:09,associativismo|cooperativismo|continuidade|sociedade civil|ativo,efetivo,convergente,alta
ENT-016,4.1.4,PRI8,lacuna,"[participante]: «Maringá é um pouco isolada em relação ao seu entorno nesse espírito associativista e cooperativista. Nós não temos uma região com espírito associativista regional tão forte quanto a região do sudoeste [do estado] (…) Maringá [é] um epicentro estadual, mas não consegue que todas as cidades vizinhas tenham [o mesmo]»","ACHADO SOBRE A ESCALA REGIONAL. O capital associativo de Maringá não se estende aos municípios vizinhos, ao contrário de outra região do mesmo estado. Converge com ENT-009 (vizinhos sem estrutura ambiental) e com ENT-014 (a distinção em relação ao entorno é socialmente valorizada): o principal ativo institucional da cidade termina no seu limite municipal, e é isso que trava a cooperação regional.",00:32:39,cooperacao regional|associativismo|isolamento|municipios vizinhos|escala,inexistente,convergente,alta
ENT-016,4.1.1,PRI8,declaracao,"[participante]: «o estado do Paraná é um estado muito organizado, muito estruturado. Você tem realmente a proteção das matas nas áreas agrícolas de uma maneira muito rigorosa, não importa qual município (…) porque existe uma [regul]ação estadual muito forte»","Avaliação positiva da regulação ambiental estadual, com aplicação uniforme no território. Registra o Estado como ente com capacidade regulatória efetiva — condição habilitante vertical que contrasta com a fragilidade de fiscalização municipal apontada em ENT-009 e ENT-016. Dimensão «Muito alta».",00:32:39,governo estadual|regulacao|fiscalizacao|mata|coordenacao vertical,em_implementacao,complementar,media
ENT-016,2.3.3,PRI6,oportunidade,"[participante]: «Maringá tem um ativo importante hoje, que é área ambiental (…) mas que ativo ligado à área ambiental eu consigo levar também para gerar mais [arrecadação] do turismo? (…) isso vai impactar positivamente na nova reforma tributária para o município»","OPORTUNIDADE FISCAL. Conversão do patrimônio ambiental em atrativo turístico, com efeito sobre a arrecadação municipal na nova estrutura tributária. É uma rota de monetização do ativo verde que nenhuma outra sessão levanta, e que alinha conservação a receita própria — exatamente o que a dimensão de diversificação de receitas ambientais requer.",00:15:38,turismo|reforma tributaria|ativo ambiental|receita|arrecadacao|diversificacao,inexistente,isolada,alta
ENT-016,2.1.5,PRI3,oportunidade,"[participante]: «viabilizar as pessoas terem algo lá para valorizar a interação da comunidade com o fundo de vale (…) vai ter projeto de arborismo, vai ter projeto de trilha suspensa na mata. São coisas que geram atratividade para o município»","Convergência espontânea com o projeto de passarela suspensa em bosque urbano descrito em ENT-015 — que está pronto e sem recurso. O setor privado organizado sinaliza interesse no mesmo tipo de intervenção, o que abre caminho para financiamento compartilhado do projeto já elaborado.",00:26:38,trilha suspensa|fundo de vale|uso publico|turismo|investimento|projeto,inexistente,convergente,alta
ENT-016,4.2.1,PRI2,percepcao,"[participante]: «não é proibir o uso — a forma de chegar lá é que vai resolver o problema. Pelo contrário: porque ali você não leva o meio ambiente para as pessoas, você afasta as pessoas do meio ambiente»","Tese sobre o desenho da política de conservação: a restrição absoluta de uso reduz o apoio social à própria conservação. Dialoga diretamente com a lacuna de percepção causa–consequência apontada em ENT-008 — se o cidadão não interage com o ativo, não o defende.",00:13:07,conservacao|uso publico|apoio social|percepcao|politica ambiental,em_implementacao,complementar,alta
ENT-016,1.2.2,PRI2,percepcao,"[participante]: «não é que o ambiental atrapalha o econômico, mas o ambiental sem celeridade, sem uma regra clara, sem velocidade, ele interfere de maneira negativa»","Formulação precisa da posição do setor privado: o problema não é a exigência ambiental, é a imprevisibilidade de prazo e de critério na sua aplicação. Converge com ENT-015, que trata a eliminação da subjetividade nas compensações como forma de reduzir resistência privada — os dois lados descrevem a mesma solução.",00:10:37,celeridade|previsibilidade|regra clara|licenciamento|setor privado,inexistente,convergente,alta
ENT-016,2.4.1,PRI6,oportunidade,"[participante]: «aí as empresas entram botando mais dinheiro (…) eu posso usar isso como um brand meu, de empresa socialmente responsável, ligada ao meio ambiente (…) tem muito espaço para o incentivo às empresas adotarem ações ambientais de fato»","O retorno reputacional é apontado como motor do investimento privado ambiental, desde que haja instrumento que o reconheça. Converge com o prêmio setorial de ENT-015 e com a adesão ao Pacto Global: o setor já responde a incentivo reputacional, e o município ainda não o oferece formalmente.",00:21:33,investimento privado|reputacao|incentivo|marca|responsabilidade,inexistente,convergente,alta
ENT-017-ENT-018,1.1.5,PRI1,declaracao,"[participante A]: «por Maringá estar numa região com agricultura muito forte, essa questão da estiagem de um lado e do excesso de chuvas [de outro] — são dois extremos que a gente tá vivendo — podem ter impacto na questão econômica da região (…) mas também a própria cidade pode ser afetada com enchentes e ondas de calor»","O duplo regime hídrico identificado pela consultoria em ENT-010-ENT-011 é lido, do lado financeiro, como risco econômico regional. Confirma que a leitura de risco de Maringá é consistente entre fontes técnicas independentes.",00:09:40,estiagem|excesso de chuva|agricultura|onda de calor|risco economico,em_implementacao,convergente,alta
ENT-017-ENT-018,1.1.5,PRI1,declaracao,"[participante B]: «a economia maringaense, embora diversificada, tem muitos elos com a cadeia do agro (…) você tem um pool de empresas de tecnologia na região [que] prestam serviços para a área do agro. Se o agro sofre o impacto de uma mudança climática, você tem um encadeamento para outros setores»","ACHADO ECONÔMICO. O risco climático atinge Maringá indiretamente pela cadeia de fornecimento ao agronegócio, e não apenas pelo evento urbano. É a única leitura do corpus sobre transmissão setorial do risco — e amplia consideravelmente a exposição econômica da cidade em relação ao que os instrumentos municipais consideram.",00:11:19,cadeia produtiva|agro|tecnologia|risco indireto|economia,inexistente,isolada,alta
ENT-017-ENT-018,2.4.2,PRI6,declaracao,"[participante A]: «algumas PPPs a gente tem feito de abastecimento de água e tratamento de esgoto, segurança hídrica e drenagem urbana (…) resíduos sólidos urbanos e geração de energia a partir do biogás (…) iluminação pública com troca de lâmpadas de LED (…) mobilidade com veículos elétricos, VLTs e ônibus elétricos (…) gestão de parques públicos, corredores verdes (…) como aqui [na capital], em que os parques funcionam como esponjas»","CARDÁPIO CONCRETO DE PPP CLIMÁTICA, DE QUEM AS ESTRUTURA. Sete arranjos já praticados por banco público regional, todos aplicáveis às prioridades de Maringá — drenagem, resíduos, arborização e parques. Converge com o programa de resíduos de ENT-008 e com a bacia de detenção de ENT-015, e mostra que o instrumento de financiamento para essas frentes existe e está disponível regionalmente.",00:12:54,PPP|concessao|drenagem|residuos|biogas|iluminacao|parque|mobilidade,efetivo,isolada,alta
ENT-017-ENT-018,2.1.5,PRI3,oportunidade,"[participante A]: «gestão de parques públicos, corredores verdes e outras soluções (…) em que os parques funcionam como esponjas: tendo muita chuva, os parques alagam e deixam de alagar as outras áreas da cidade»","Parque como infraestrutura de drenagem, financiável por concessão. Responde diretamente ao alagamento de microdrenagem diagnosticado em ENT-010-ENT-011 e converge com os poços de infiltração de ENT-009 e os jardins de chuva de ENT-006 e ENT-012 — todas soluções baseadas na natureza, e esta com modelo de financiamento associado.",00:12:54,parque|cidade esponja|drenagem|solucao baseada na natureza|concessao|adaptacao,em_implementacao,convergente,alta
ENT-017-ENT-018,2.4.2,PRI6,oportunidade,[participante B]: «existem algumas iniciativas no âmbito de PPPs (…) [a capital] está organizando uma PPP agora para fazer esse aterramento de uma parte da rede (…) desde que não seja algo do tipo tirar fio do céu e botar embaixo da terra: tem que ser programado (…) que você tenha também estruturas ao longo das vias que permitam a melhor absorção de água»,"ACHADO DECISIVO. Existe modelo de PPP em estruturação para enterramento de rede elétrica em município do mesmo estado, com a recomendação técnica de combiná-lo a infraestrutura de drenagem na mesma obra. Responde diretamente à disputa registrada em ENT-005 e à proposta de estudo faseado de ENT-007 — o instrumento financeiro para a medida mais cara do corpus existe e tem precedente regional.",00:15:41,aterramento|rede eletrica|PPP|drenagem|obra combinada|precedente,em_elaboracao,isolada,alta
ENT-017-ENT-018,3.2.4,PRI3,declaracao,"[participante B]: «a gente não se limitar apenas às áreas mais urbanas, povoadas e de alta renda (…) é muito evidente que as áreas de menor poder aquisitivo têm temperaturas até mais elevadas, porque não têm os mesmos equipamentos urbanos que existem em áreas mais desenvolvidas»","Recomendação de equidade territorial vinda do agente financeiro. Converge com ENT-007, ENT-009 e ENT-014 sobre o gradiente centro–periferia da infraestrutura verde — e o fato de vir de quem analisa crédito indica que o recorte distributivo tem peso na avaliação do projeto, não apenas valor normativo.",00:14:24,equidade|temperatura|periferia|equipamento urbano|ilha de calor,inexistente,convergente,alta
ENT-017-ENT-018,3.2.4,PRI4,declaracao,"[participante B]: «um comparativo da temperatura local [em um bairro de alta renda] com a temperatura [na comunidade] bem ao lado: dava uma diferença de 10 ºC (…) se você tá numa temperatura média de 20º, quem tá [do outro lado] tá com 30»",Ordem de grandeza da desigualdade térmica intraurbana em referência nacional: até 10 °C entre territórios contíguos. Converge com os 5 °C medidos em Maringá por estudo local (ENT-009) e dá escala ao que está em jogo — a diferença de conforto térmico entre bairros pode ser maior que a variação climática projetada para décadas.,00:26:45,ilha de calor|desigualdade|temperatura|dados|referencia,em_implementacao,convergente,alta
ENT-017-ENT-018,2.5.3,PRI4,declaracao,"[participante B]: «do ponto de vista de análise de crédito, isso não é um problema. A análise do banco (…) se baseia em dados; no caso de município são dados públicos e muito diretos. Então, do ponto de vista de crédito, isso não é um problema»","ACHADO FAVORÁVEL. A análise de capacidade de crédito de um município é feita com dados fiscais públicos e não constitui obstáculo. Remove uma barreira presumida: se Maringá quiser contrair operação de crédito para drenagem — como propõem ENT-008 e ENT-015 —, a habilitação creditícia não é o gargalo.",00:18:29,analise de credito|dados fiscais|capacidade de pagamento|rating|municipio,efetivo,isolada,alta
ENT-017-ENT-018,3.2.5,PRI4,lacuna,"[participante B]: «quando a gente fala de projeto de impactos, esse sim pode ser uma dor nossa (…) eu ainda tenho dificuldade de entender algumas metodologias e algumas parametrizações de impactos. Qual o impacto de determinado projeto em certa localidade? Ela retira carbono, quanto é? Qual é essa pegada? A gente até tem uma metodologia de cálculo, mas é um dado difícil de se obter»","ACHADO CENTRAL, DO LADO DO FINANCIADOR. O que trava não é o crédito, é a mensuração do impacto climático do projeto. Converge exatamente com a calculadora de carbono em desenvolvimento em ENT-008 e com o questionamento dos órgãos de controle relatado em ENT-015 — a mesma lacuna de valoração aparece nas três pontas: quem executa, quem fiscaliza e quem financia. Dimensão «Muito alta».",00:18:29,mensuracao de impacto|pegada de carbono|metodologia|valoracao|financiamento,inexistente,convergente,alta
ENT-017-ENT-018,1.1.7,PRI4,lacuna,"[participante B]: «[com] uma usina solar (…) já tem uma métrica bem estabelecida. Mas quando tem alguns projetos que são um pouco mais complexos, não é tão linear fazer esse cálculo. E aí eu tenho sim dificuldade de fazer esse acompanhamento» / [entrevistador]: «não consegue ter o dado da linha base» / [participante]: «é isso»","A ausência de linha de base impede o monitoramento do resultado climático do investimento após o desembolso. Liga a lacuna de monitoramento «Muito alta» diretamente ao acesso a financiamento: sem linha de base, o projeto é mais difícil de aprovar e impossível de comprovar depois.",00:20:04,linha de base|monitoramento|indicador|projeto|financiamento,inexistente,convergente,alta
ENT-017-ENT-018,2.1.4,PRI9,declaracao,"[participante B]: «a parte de estruturação de projetos, de modo geral, é uma fragilidade dos municípios do [estado] como um todo. Acredito que é uma realidade também brasileira. São 5.700 municípios — e quantos têm áreas de projeto específicas nas suas localidades? E quantos têm esse olhar para a questão climática?»","QUINTA CONFIRMAÇÃO DO ACHADO CENTRAL, AGORA DO FINANCIADOR REGIONAL. A ausência de capacidade de estruturação de projeto é diagnosticada como padrão dos municípios, não como falha de Maringá. Converge com ENT-004, ENT-007, ENT-008 e ENT-010-ENT-011 — e reposiciona a recomendação: montar essa capacidade colocaria Maringá à frente de quase todos os concorrentes pelas mesmas fontes. Dimensão «Muito alta».",00:24:00,estruturacao de projetos|fragilidade|municipios|capacidade|competitividade,inexistente,convergente,alta
ENT-017-ENT-018,2.4.2,PRI9,declaracao,"[participante A]: «hoje vou estruturar uma PPP para daqui a dois anos lançar um edital (…) as prefeituras todas têm dificuldade em fazer esse processo (…) bastante gente já não quer fazer, porque o resultado vai ser lá daqui a dois anos»","ACHADO SOBRE O CICLO POLÍTICO. A PPP leva cerca de dois anos até o edital, e o desalinhamento com o mandato desestimula a decisão de iniciá-la. Converge com o «não dá voto» de ENT-009 e ENT-012 e explica por que o instrumento de financiamento mais adequado às prioridades de Maringá é também o menos usado.",00:22:58,PPP|prazo|ciclo politico|edital|estruturacao|barreira,inexistente,convergente,alta
ENT-017-ENT-018,4.2.1,PRI9,percepcao,[participante B]: «olhar um projeto e os seus impactos de curto prazo como um mérito político (…) o que você vai fazer mais: você vai [pavimentar] uma rua nova num bairro carente ou vai plantar árvore para fazer um parque linear em outra localidade? (…) poucos municípios conseguem olhar para a questão climática como algo que gera voto (…) eles procuram um efeito mais de curto prazo»,"Formulação, pelo lado do financiador, da disputa orçamentária entre obra visível e investimento em prevenção. Terceira convergência do corpus sobre a economia política do investimento climático (com ENT-009 e ENT-012) — e a que melhor descreve o dilema concreto do gestor.",00:24:00,economia politica|ciclo eleitoral|prevencao|priorizacao|barreira,inexistente,convergente,alta
ENT-017-ENT-018,2.6.2,PRI6,declaracao,"[participante B]: «[o banco] constituiu um fundo verde. A gente tá destinando 1,5% hoje do lucro líquido do banco (…) e a partir desse fundo verde a gente tem emitido alguns editais voltados especificamente para essa área» / [entrevistador]: «voltados ao município ou à sociedade civil?» / [participante]: «a sociedade como um todo»","FONTE CONCRETA, REGIONAL E NÃO CITADA POR NENHUMA OUTRA SESSÃO. Banco público dos estados do Sul destina 1,5% do lucro líquido a fundo verde com editais abertos. É financiamento não reembolsável de origem regional, acessível a município e a sociedade civil — e responde à crítica de ENT-008 sobre editais nacionais de escopo piloto, por ser mais próximo e mais dirigido.",00:29:23,fundo verde|banco publico|edital|financiamento|blended finance|fonte regional,efetivo,isolada,alta
ENT-017-ENT-018,2.6.1,PRI6,declaracao,"[participante A]: «quando o [banco federal de desenvolvimento] solta uma linha do fundo do clima, por exemplo, [em] que a taxa de juros é subsidiada, a procura por essa linha é muito alta. O recurso esgota em poucos dias. Então a primeira barreira é o custo do financiamento»","ACHADO SOBRE COMPETITIVIDADE. A linha climática subsidiada federal esgota em dias — a disputa é por velocidade e prontidão, não por mérito ambiental. Confirma o argumento central do projeto: quem tem projeto pronto capta; quem começa a elaborar quando o edital abre, não. Dimensão «Muito alta».",00:37:15,Fundo Clima|juros subsidiados|competitividade|prontidao|captacao,em_implementacao,convergente,alta
ENT-017-ENT-018,2.4.1,PRI6,percepcao,"[participante A]: «eu não vejo nenhuma solução, a não ser que o privado tenha um incentivo, seja ele financeiro, seja de qualquer ordem econômica»",Avaliação de que a mobilização de capital privado depende necessariamente de incentivo. Converge com ENT-016 («não tem incentivo nenhum») e com o desenho de outorga por obra de ENT-015 — o instrumento que Maringá começou a criar é exatamente o que o financiador aponta como condição.,00:27:58,incentivo|investimento privado|mobilizacao|condicao,inexistente,convergente,alta
ENT-017-ENT-018,4.2.2,PRI5,declaracao,"[participante B]: «quando você pega uma [grande empresa nacional] fazendo investimentos massivos olhando para a questão climática, você também tá dando drive para a frente. Então o fornecedor desse cara, daqui a pouco, também vai ter que se adequar, senão ele não fornece mais»","MECANISMO DE ARRASTO NA CADEIA. A exigência climática de grandes compradores força a adequação de fornecedores locais. Converge com a alta adesão empresarial ao Pacto Global relatada em ENT-016 — parte do engajamento privado de Maringá é induzida por cadeia, não por política municipal, e essa indução é uma alavanca disponível.",00:29:23,cadeia de fornecimento|arrasto|setor privado|exigencia|adequacao,em_implementacao,complementar,alta
ENT-017-ENT-018,2.6.3,PRI6,declaracao,"[participante B]: «os próprios instrumentos financeiros, muitos aí sendo criados para trazer a questão da mudança climática como um ponto importante, seja numa redução de juros, ou instrumentos de mercado financeiro em que você vai negociar crédito de carbono, que é um setor que vem ampliando»",O mercado de carbono e os instrumentos financeiros vinculados a desempenho climático são identificados como fronteira em expansão pelo agente financeiro regional. Converge com a calculadora de carbono de ENT-008 e com a compensação por estoque de ENT-009 — a capacidade de mensurar carbono é o que dá acesso a esse conjunto de instrumentos.,00:29:23,mercado de carbono|instrumentos financeiros|reducao de juros|ativo ambiental,em_implementacao,convergente,alta
ENT-017-ENT-018,4.1.4,PRI8,lacuna,"[participante A]: «aqui de cabeça eu não vejo nenhum esforço conjunto, não: é esforço individual mesmo» / [participante B]: «eu não me lembro de nenhum projeto intermunicipal assim, de: olha, vamos olhar essa causa»","LACUNA CONFIRMADA PELO FINANCIADOR REGIONAL. Duas fontes de um banco que opera nos três estados do Sul não identificam nenhum projeto climático intermunicipal. Converge com ENT-006, ENT-007, ENT-009, ENT-014 e ENT-016 — e o fato de vir de quem financia toda a região eleva a lacuna de percepção local a constatação de escala.",00:33:10,cooperacao regional|projeto intermunicipal|consorcio|lacuna|escala,inexistente,convergente,alta
ENT-017-ENT-018,4.1.1,PRI8,oportunidade,"[participante B]: «pensando do ponto de vista do Estado: se a gente tiver uma política clara de Estado, você pode trazer os municípios. E aí a liderança viria do poder público (…) mais fácil você criar esse macro e ir descendo na estrutura»","Recomendação de indução estadual da agenda climática municipal. Converge com a estratégia de ENT-015 de buscar regulamentação federal para a taxa de drenagem — em ambos os casos, o ente superior é acionado para destravar o que não avança localmente. Dimensão «Muito alta».",00:34:44,governo estadual|politica publica|inducao|coordenacao vertical|articulacao,inexistente,complementar,alta
ENT-017-ENT-018,4.1.5,PRI8,oportunidade,"[participante A]: «[nosso banco], por fazer parte de um governo — é uma autarquia estadual dos três estados do Sul — (…) talvez [tenha] esse papel [de juntar público e privado]. Os demais bancos, eu acredito que não teriam esse papel»","OFERTA DE PAPEL ARTICULADOR. Banco público interestadual se reconhece como possível intermediário entre poder público e setor privado na agenda climática — função que, segundo os próprios participantes, bancos privados não exerceriam. É um canal de articulação regional disponível e não acionado por Maringá.",00:36:13,banco publico|articulacao|intermediacao|projeto interinstitucional|regional,inexistente,isolada,alta
ENT-017-ENT-018,4.2.2,PRI7,percepcao,"[participante B]: «uma parte relevante é sozinha. A empresa quer ter esse selo verde, ela aposta nisso e entende que esse é o caminho, porque abre portas — inclusive para dinheiro»","O investimento ambiental privado ocorre majoritariamente sem articulação com o poder público, motivado por acesso a capital e reputação. Converge com ENT-006 (loteamentos adaptados por grandes incorporadoras) e ENT-015 (prêmio setorial sem participação pública): há investimento privado climático em Maringá, e ele não é coordenado com a política municipal.",00:30:37,selo verde|investimento privado|autonomia|reputacao|acesso a capital,em_implementacao,convergente,alta
ENT-017-ENT-018,2.1.4,PRI9,oportunidade,"[participante B]: «política pública bem estabelecida, com juros incentivados, e projetos municipais que possam também dar cobertura para isso. E aí você realmente consegue abranger todas as etapas»","SÍNTESE DO ENCADEAMENTO, PELO FINANCIADOR. Três condições em sequência: política pública definida, crédito subsidiado e carteira municipal de projetos. Descreve com precisão a cadeia de condições habilitantes que o Produto 2 investiga, e coloca o projeto municipal como elo final e indispensável.",00:37:15,politica publica|juros incentivados|carteira de projetos|encadeamento|condicao habilitante,inexistente,convergente,alta
ENT-017-ENT-018,2.4.2,PRI6,declaracao,"[participante A]: «as PPPs em si são mais complexas de serem formatadas, pois elas têm prazo de mais longo prazo (…) nenhum projeto desses é fácil, todos demandam tempo para serem pensados e estruturados»","Reconhecimento de que toda concessão climática exige tempo e estruturação, sem atalho. Reforça a recomendação de constituir capacidade permanente de preparação de projeto em vez de mobilizar equipe a cada oportunidade — que é exatamente o padrão reativo descrito em ENT-004.",00:21:09,PPP|complexidade|prazo|estruturacao|capacidade permanente,em_implementacao,convergente,alta
ENT-019,1.1.5,ACA1,declaracao,"[participante]: «certamente a questão das árvores é a primeira que vem à mente, porque as árvores na cidade já têm uma certa idade, a gente tem tido tempestades muito mais severas e o impacto disso tem sido catastrófico (…) há poucos anos a gente teve uma tempestade que derrubou uma centena de árvores»","Oitava confirmação do par arborização envelhecida–tempestade severa como risco principal. O corpus inteiro converge nesse ponto: nove das dezessete sessões o apontam, em quatro setores.",00:04:20,arborizacao|tempestade|idade das arvores|queda|risco,em_implementacao,convergente,alta
ENT-019,1.1.5,ACA1,declaracao,"[participante]: «a gente tá tendo temperaturas muito mais altas, invernos muito menos [rigorosos], isso tem mudado o modo de vida na cidade (…) a gente tem tido chuvas muito intensas, muito rápidas, e a capacidade de escoamento da água pluvial tem sido comprometida»",Elevação térmica com efeito sobre o modo de vida e chuva concentrada excedendo a capacidade da rede. Converge com a série histórica de ENT-010-ENT-011 e com o diagnóstico de ENT-012 sobre concentração da precipitação.,00:04:20,temperatura|inverno|chuva intensa|escoamento|drenagem,em_implementacao,convergente,alta
ENT-019,1.2.2,ACA2,lacuna,"[participante]: «falando de uma maneira muito simples e franca, a prefeitura não tem braço para [dar conta de] tudo isso (…) a prefeitura de Maringá não tem um setor de parques e jardins, pelo menos não com uma atuação significativa, efetiva (…) há uma quase inoperância na reposição das árvores que são cortadas e que caem»","LACUNA DE ESTRUTURA, NOMEADA COM PRECISÃO. Não existe unidade municipal dedicada a parques e jardins — a cidade cuja identidade e cujo maior risco são a arborização não tem órgão para geri-la. É a explicação estrutural da falha de reposição relatada em ENT-006, ENT-007, ENT-009 e ENT-014.",00:06:04,parques e jardins|estrutura|capacidade|arborizacao|reposicao,inexistente,convergente,alta
ENT-019,1.1.4,ACA2,divergencia,"[participante]: «eu sei que há um plano de manejo para essa arborização — fiz parte da equipe que desenvolveu esse plano —, mas eu acho que ele não está sendo nem aplicado, nem levado adiante»","ACHADO DECISIVO. O plano de manejo da arborização existe e foi elaborado com participação acadêmica; ENT-007 propõe criá-lo como prioridade de investimento. A lacuna, portanto, não é de instrumento — é de aplicação. Terceiro caso no corpus de produto técnico existente e desconhecido de quem trabalha no tema (com o inventário arbóreo de ENT-010-ENT-011 e o mapa colaborativo de ENT-007), e o mais consequente deles.",00:06:04,plano de manejo|arborizacao|aplicacao|instrumento existente|divergencia,formalizado,divergente,alta
ENT-019,1.2.2,ACA2,declaracao,"[participante]: «pelo menos na parte central da cidade, em que o escoamento é mais difícil, não há uma limpeza dos bueiros e dos meios-fios, porque a gente tem queda de folha todo ano — então você não tem uma varredura, às vezes os bueiros ficam entupidos»","Confirma, de fora da administração, o mecanismo folha–obstrução–alagamento descrito em ENT-008 e ENT-010-ENT-011, e o atribui à ausência de varredura sistemática na área crítica. Terceira fonte independente sobre a mesma cadeia causal — e a que aponta a intervenção mais barata: rotina de varredura sazonal.",00:06:04,varredura|bueiro|folhas|manutencao|alagamento|drenagem,inexistente,convergente,alta
ENT-019,2.1.5,ACA3,oportunidade,"[participante]: «a gente tem várias áreas de fundo de vale que poderiam ser melhor exploradas (…) são espaços livres, públicos, verdes, que poderiam fazer parte do sistema de lazer da cidade, mas também atuar mais efetivamente na mitigação dos efeitos climáticos (…) a gente tem nesses fundos de vale uma série de pequenos córregos, uma fauna que transita por ali»","Prioridade convergente: qualificação dos fundos de vale como infraestrutura verde de uso público e função climática. Converge com o parque-esponja de ENT-017-ENT-018, a passarela suspensa de ENT-015, a trilha de ENT-016 e o uso público de ENT-016 — cinco sessões de quatro setores apontando o mesmo território como prioridade de investimento.",00:07:35,fundo de vale|espaco livre|lazer|mitigacao|infraestrutura verde|investimento,inexistente,convergente,alta
ENT-019,3.1.1,ACA4,lacuna,"[participante]: «eu desconheço dados sistematizados, publicizados sobre a questão climática e a mitigação dos efeitos dela na cidade. Talvez eles existam, mas eu desconheço»","LACUNA DE PUBLICIDADE. Pesquisador vinculado à universidade pública local desconhece qualquer base climática municipal sistematizada e pública. Converge com ENT-004, ENT-009, ENT-013 e ENT-014 — e a ressalva «talvez existam» é ela mesma parte do achado: o dado, quando existe, não é conhecido nem por quem trabalharia com ele. Dimensão «Muito alta».",00:09:17,dados|publicidade|sistematizacao|acesso|desconhecimento,inexistente,convergente,alta
ENT-019,3.2.1,ACA5,declaracao,"[participante]: «há pesquisadores dentro da [universidade pública] desenvolvendo estudos que poderiam subsidiar ações públicas, políticas públicas, mas eu também vejo que não há muita interação, não há uma conexão que possa levar e trazer essa informação e transformar dado em conhecimento, em ação»","Terceira confirmação da lacuna de parceria científica (com ENT-006 e ENT-012), agora da universidade pública — a instituição que ENT-003 registra como parceira informal do órgão ambiental. A parceria existe em um ponto e não existe como sistema. Dimensão «Muito alta».",00:09:17,universidade|pesquisa|interacao|conexao|politica publica|lacuna,inexistente,convergente,alta
ENT-019,3.2.1,ACA6,declaracao,"[participante]: «a universidade (…) cada vez mais é cobrada pela extensão universitária, ou seja, pela aplicação daquilo que ela produz na comunidade. Então há o interesse da universidade em lidar com questões reais (…) Por outro lado, a prefeitura tem que tomar decisões, implementar ações, e isso precisa ser baseado em dados, em estudos, em planejamento. Então as duas partes podem se complementar se elas tiverem um diálogo — e aí falta estabelecer esse diálogo»","ACHADO DE INCENTIVO ALINHADO. A exigência institucional de extensão universitária cria demanda por problemas reais, do mesmo modo que a prefeitura demanda base técnica. Os incentivos das duas instituições já apontam na mesma direção e o único elo ausente é o canal — o que torna essa a lacuna mais barata de fechar em todo o diagnóstico.",00:11:11,extensao universitaria|incentivo|dialogo|complementaridade|parceria,inexistente,isolada,alta
ENT-019,3.2.1,ACA6,declaracao,"[participante]: «há interesse das duas partes, mas (…) talvez mais da parte da universidade, há um viés ideológico que pensa que a instituição não pode se envolver com políticas de governo. Mas aí são políticas públicas — elas estão muito além e acima de questões político-partidárias»","ACHADO SOBRE A CAUSA DA LACUNA. A resistência é atribuída a uma leitura interna da universidade que confunde política pública com política de governo. Identifica um obstáculo cultural, e não de instrumento — o que muda a recomendação: antes de propor convênio, é preciso desfazer essa distinção.",00:12:47,universidade|barreira cultural|politica publica|ideologia|parceria,inexistente,isolada,alta
ENT-019,3.2.1,ACA6,declaracao,"[participante]: «você já ouviu a frase de que a [universidade] não consegue atravessar a [avenida que a separa da cidade]? (…) A cidade fica do lado sul da avenida, a universidade do lado norte. E a própria universidade diz isso para si mesma: [ela] não consegue atravessar (…) ou seja, ela não sabe chegar até a cidade»","FORMULAÇÃO SÍNTESE. A separação entre universidade e cidade é física, histórica e reconhecida internamente como identidade institucional. Explica em uma imagem por que a maior concentração de capacidade técnica de Maringá não alimenta sua política pública — e por que a solução é de aproximação, não de instrumento jurídico.",00:14:10,universidade|separacao|cidade|cultura institucional|parceria,inexistente,isolada,alta
ENT-019,3.2.1,ACA7,oportunidade,"[participante]: «o diálogo poderia ser estabelecido com os dirigentes da instituição, mas também com os pesquisadores ligados às respectivas áreas (…) não deve ser uma decisão de cima para baixo, mas se ela é só de baixo para cima, ela não tem respaldo institucional. Então deveria envolver as pontas dentro da universidade e da prefeitura»","DESENHO DA APROXIMAÇÃO. Articulação simultânea nos dois níveis — direção e pesquisador — nas duas instituições. Converge com a proposta de projeto guarda-chuva de ENT-006 e com o escritório de parcerias ali sugerido, e responde ao risco de descontinuidade que a parceria informal de ENT-003 evidencia.",00:14:10,dialogo|dirigentes|pesquisadores|arranjo|parceria|institucionalizacao,inexistente,complementar,alta
ENT-019,3.2.1,ACA7,oportunidade,"[participante]: «levar para a sala de aula e para o laboratório os temas reais que afligem a cidade, e a universidade apresentar propostas, soluções, ideias. Eu penso que é um caminho fundamental hoje, porque mais do que nunca o processo de ensino e aprendizagem está se baseando na solução de problemas»","Proposta de canalizar a demanda climática do município para disciplinas e laboratórios como problema de ensino. Capacidade técnica renovável a cada semestre, sem custo de contratação — e resposta direta ao gargalo de duas pessoas descrito em ENT-008.",00:14:10,ensino|laboratorio|problema real|extensao|capacidade|parceria,inexistente,complementar,alta
ENT-019,1.2.2,ACA6,declaracao,"[participante]: «não é um quadro muito significativo, [mas é] qualificado. Então é fácil fazer a ponte e fazer esse diálogo. Eu acho que falta uma iniciativa que promova [isso]»","Há egressos qualificados da universidade no quadro técnico da prefeitura, o que reduz o custo de aproximação institucional. Converge com ENT-008, onde a parceria científica existe justamente porque há pesquisadores no quadro do órgão ambiental — a ponte humana já existe e não foi convertida em canal institucional.",00:16:51,egressos|quadro tecnico|ponte|parceria|capital humano,em_implementacao,convergente,alta
ENT-019,3.2.1,ACA7,declaracao,"[participante]: «todos esses instrumentos já são passíveis de aplicação, a gente já tem esses mecanismos (…) pode até haver a celebração de um acordo de cooperação, mas eu penso que é mais uma questão de aproximação e de conversa»","Os instrumentos jurídicos de cooperação já existem e não são o obstáculo. Reforça que a lacuna de parceria científica em Maringá é relacional, não normativa — o que barateia a solução e a torna dependente de iniciativa, não de recurso.",00:16:51,acordo de cooperacao|instrumento|aproximacao|parceria|barreira,formalizado,convergente,alta
ENT-019,4.1.4,ACA8,declaracao,"[participante]: «Maringá nasceu como uma cidade planejada dentro de uma rede de cidades, quando não se usava esse termo. E essa rede estava integrada pela ferrovia. Essas cidades foram planejadas em consonância com as questões ambientais — os cursos d'água, as posições do relevo — e havia um planejamento territorial, a gente pode dizer regional. Isso não existe mais»","ACHADO HISTÓRICO COM CONSEQUÊNCIA PRÁTICA. O planejamento regional ambientalmente orientado é a matriz fundadora da rede urbana de que Maringá faz parte, e foi perdido. Reposiciona a cooperação regional de inovação a resgate — argumento politicamente muito mais forte na cidade que trata seu planejamento originário como patrimônio (ENT-007, ENT-014).",00:16:51,rede de cidades|planejamento regional|historia|ferrovia|cooperacao regional,inexistente,isolada,alta
ENT-019,4.1.4,ACA8,lacuna,"[participante]: «existe a denominação região metropolitana, mas de fato a gente não vê nenhuma política metropolitana, nenhuma estratégia (…) era fundamental ter uma política regional, um consórcio de prefeitos que pensasse isto, e um órgão suprapartidário, apolítico, que fizesse a compatibilização de todas as demandas, interesses e condições do desenvolvimento conjunto dessas cidades»",PROPOSTA DE ARRANJO REGIONAL. Consórcio de prefeitos com órgão técnico suprapartidário. Sétima sessão a apontar a lacuna de cooperação regional e a única a propor a forma institucional — que converge com a associação de municípios já existente e sem pauta ambiental descrita em ENT-007.,00:18:33,consorcio|regiao metropolitana|governanca regional|orgao suprapartidario|cooperacao,inexistente,convergente,alta
ENT-019,4.1.4,ACA8,declaracao,"[participante]: «não adianta falar em meio ambiente e delimitar a fronteira dele. Isso é irreal (…) se a gente imaginar a questão das águas, dos córregos e das matas, e as rodovias e todo o trânsito e movimento de pessoas — não tem como a gente pensar isoladamente só Maringá»","Argumento técnico pela escala regional: bacias, remanescentes florestais e mobilidade pendular atravessam os limites municipais. Converge com ENT-014 (cidade dormitório) e ENT-010-ENT-011 (vulnerabilidade na faixa de conurbação). Dimensão «Alta».",00:19:57,bacia hidrografica|fronteira|escala|mobilidade|cooperacao regional,inexistente,convergente,alta
ENT-019,3.2.5,ACA9,lacuna,"[participante]: «eu acredito que não haja ainda na cidade nenhum estudo sobre a questão da densidade, da ocupação do solo urbano, do impacto disso. A gente tem várias torres chegando a 40 pavimentos e eu não sei se há um estudo para checar a questão da impermeabilização, a densidade populacional nessas áreas e o que isso vai significar para o futuro»","LACUNA PRIORITÁRIA APONTADA PELA ACADEMIA. Não há avaliação do efeito da verticalização sobre impermeabilização, drenagem e conforto térmico. Converge com o adensamento no entorno do parque relatado em ENT-007 e com a pressão sobre a lei de gabarito de ENT-006 — a cidade está adensando sem saber o efeito climático disso. Dimensão «Muito alta».",00:19:57,densidade|verticalizacao|impermeabilizacao|estudo|ocupacao do solo|lacuna,inexistente,convergente,alta
ENT-019,1.1.8,ACA9,percepcao,"[participante]: «nosso planejamento tem sido muito mais conduzido pela legalidade: está dentro da lei, e se trabalha com parâmetros sem se considerar o que isto vai causar a médio e longo prazo»","DIAGNÓSTICO DO MÉTODO DE PLANEJAMENTO. A decisão urbanística se resolve por conformidade legal e não por avaliação de efeito. Explica a maladaptação documentada em ENT-006 (ciclovia e praça) e o risco de retrocesso regulatório ali apontado — sem avaliação de impacto, a revisão da norma é disputa de parâmetro, não de consequência.",00:19:57,planejamento|legalidade|parametro|avaliacao de impacto|longo prazo,inexistente,isolada,alta
ENT-019,3.2.5,ACA9,lacuna,"[participante]: «a outra questão é o espraiamento da cidade: como isso está sendo conduzido, pensado — a quantidade de condomínios e bairros que estão sendo criados distantes da mancha urbana»","Segunda lacuna apontada: ausência de análise do espraiamento e de sua relação com custo de infraestrutura, mobilidade e emissões. Converge com ENT-009 sobre bairros novos sem arborização e com ENT-014 sobre a qualidade que não chega às bordas.",00:23:25,espraiamento|mancha urbana|condominio|infraestrutura|emissoes|lacuna,inexistente,convergente,alta
ENT-019,1.1.1,ACA9,lacuna,"[participante]: «eu não vejo nenhuma política para a questão da construção civil (…) claro que a gente tem o IPTU verde, a gente tem a produção de energia solar, mas eu não vejo nem estudo nem política para transformar a construção civil, para a gente usar uma tecnologia mais limpa, com uma menor pegada de carbono»","Terceira lacuna apontada: ausência de política de descarbonização da construção civil — setor que ENT-015 identifica como responsável por 37% das emissões globais. Diverge parcialmente de ENT-015, que descreve legislação de compras públicas de baixo carbono em elaboração: se a norma está sendo escrita, ela ainda não é conhecida na academia local.",00:23:25,construcao civil|baixo carbono|politica|tecnologia|mitigacao|divergencia,inexistente,divergente,alta
ENT-020,1.1.5,ACA1,declaracao,"[participante]: «há uma sensação térmica incrementada (…) [depois] as inundações ou interrupções de vias em vários lugares da cidade, nos lugares mais baixos da topografia (…) e o terceiro elemento é a incapacidade do sistema de drenagem atual, [o] dimensionamento das galerias pluviais (…) uma consequência é uma dinâmica aumentada da erosão dos canais naturais de toda a nossa rede de drenagem, tanto na bacia do [Pirapó] quanto na do [Ivaí]»","Encadeamento causal completo, em quatro elos: calor, alagamento em cotas baixas, subdimensionamento das galerias e erosão dos canais receptores nas duas bacias. É a formulação técnica mais completa do corpus e reconcilia as leituras de ENT-008 (erosão) e ENT-010-ENT-011 (microdrenagem): são o mesmo processo em pontos distintos do percurso da água.",00:04:56,sensacao termica|inundacao|galeria pluvial|erosao|bacia|encadeamento,em_implementacao,convergente,alta
ENT-020,1.1.6,ACA2,lacuna,"[participante]: «quando você toma o plano diretor de Maringá, um plano recente, de 2024-2025 (…) ele utiliza os dados climatológicos — precipitação, ventos — de décadas passadas, sem considerar as alterações ou mudanças climáticas. Então o parâmetro alteração ou mudança climática não consta do plano diretor. Isso demonstra que, no sistema de planejamento, em todo o conjunto de normas, esse parâmetro não existe»","ACHADO DEFINITIVO. O plano diretor vigente, aprovado há menos de dois anos, foi calibrado com série climática antiga e não incorpora a variável climática. É a evidência mais forte do corpus sobre desalinhamento do instrumento urbanístico central com a agenda climática — e explica, na origem, a maladaptação documentada em ENT-006, a pressão sobre áreas verdes de ENT-007 e o subdimensionamento da drenagem apontado por todos.",00:06:45,plano diretor|dados climatologicos|parametro|alinhamento|instrumento|lacuna,inexistente,isolada,alta
ENT-020,1.1.4,ACA2,declaracao,"[participante]: «a resposta direta é improvisação (…) exemplo concreto: [numa avenida] temos uma inundação permanente da via. E o secretário colocou uma máquina, fez uma escavação, jogou pedras e disse: o problema está resolvido. [Na] primeira chuva significativa: vou ter que ampliar»","Caracterização da ação climática municipal como improvisação, com caso concreto de intervenção sem dimensionamento e refeita após o primeiro evento. Converge com o «emergencial e não preventivo» de ENT-007 e com a ausência de projeto de ENT-004 — e liga as duas: sem parâmetro no plano, a obra é dimensionada por tentativa.",00:06:45,improvisacao|obra|dimensionamento|drenagem|planejamento,inexistente,convergente,alta
ENT-020,1.2.2,ACA2,lacuna,"[participante]: «caem árvores, você corta, mas não tem reposição. Você não tem um viveiro condizente com a demanda (…) o viveiro não tem tamanho, não tem porte, não tem variedade»",LACUNA MATERIAL. O viveiro municipal não tem escala nem diversidade para atender a reposição. Converge com a proposta de recuperar o horto municipal em ENT-007 e confirma que a falha de reposição relatada em cinco sessões tem uma causa física identificável e barata de corrigir.,00:06:45,viveiro|reposicao|arborizacao|capacidade|insumo,inexistente,convergente,alta
ENT-020,3.1.1,ACA4,declaracao,"[participante]: «nós temos uma base física que é estável, do ponto de vista geológico e de tipo de solo (…) No entanto, quando eu necessito [de dados] de precipitações, ventos, medidas desse tipo, eu não tenho. Nós temos uma estação meteorológica aqui, que é a estação principal da [universidade pública], mas esses dados não são incorporados para fins de planejamento ou tomada de decisões»",ACHADO CRÍTICO. Existe estação meteorológica de referência na universidade local e seus dados não alimentam o planejamento municipal. Converge com ENT-003 (dados meteorológicos primários de duas estações circulando sem instrumento formal) e qualifica a rede de vinte estações em contratação (ENT-015): o município está comprando capacidade de monitoramento sem antes ter incorporado a que já existe na cidade. Dimensão «Muito alta».,00:11:10,estacao meteorologica|universidade|dados|planejamento|integracao|lacuna,inexistente,convergente,alta
ENT-020,3.2.2,ACA4,declaracao,"[participante]: «eu tenho dados genéricos da vegetação: tenho tantas mil árvores, tantos metros quadrados por habitante — número genérico. Mas quando eu digo a rua tal, a via tal, o déficit, quanto mais ou menos, eu não tenho dados. Quando eu digo que tenho 85 km de fundos de vale e pergunto qual é a condição deles, qual é a vegetação predominante — não sei. Então eu não tenho dados para fazer gestão técnica»","DISTINÇÃO DECISIVA. O município tem indicador agregado e não tem dado de gestão. Reformula com precisão a lacuna «Muito alta» de qualidade e acessibilidade dos dados: o problema não é a ausência de número, é a ausência de resolução espacial suficiente para decidir onde intervir — e os 85 km de fundo de vale, o principal ativo ambiental da cidade, estão sem diagnóstico de condição.",00:11:10,dado agregado|resolucao|gestao tecnica|fundo de vale|diagnostico|vegetacao,inexistente,convergente,alta
ENT-020,1.1.7,ACA4,declaracao,"[participante]: «eu participei ativamente da elaboração do plano municipal de gestão de resíduos — talvez 80% dele tem o meu trabalho técnico. Dimensionamos o resíduo, mas depois disso nada mais foi feito. Estamos falando de 15 anos atrás (…) você não tem uma equipe de campo, de coleta, de análise»","SEGUNDO CASO DE PLANO NÃO IMPLEMENTADO, COM SÉRIE DE QUINZE ANOS. Junto ao plano de manejo da arborização de ENT-019 e ao plano de manejo do parque citado adiante, compõe o padrão que ENT-007 chama de «plano de gaveta»: Maringá produz instrumento técnico de qualidade e não o executa nem o monitora. O risco para o plano climático em elaboração é explícito.",00:11:10,plano de residuos|implementacao|plano de gaveta|monitoramento|equipe de campo,inexistente,convergente,alta
ENT-020,3.2.3,ACA3,declaracao,"[participante]: «temos áreas de fundos de vale altamente significativas, são corredores de biodiversidade — foram caracterizados como tal, inclusive [pela atual liderança do Executivo], em 2011. Só que eles não foram dimensionados na sua relação com a mudança climática. É por lá que se lançam todas as águas das chuvas que vêm da área central (…) é lá que está todo o nosso bioma ativo da Mata Atlântica, todo o nosso banco genético histórico»","ACHADO ESTRUTURANTE. Os fundos de vale acumulam quatro funções — drenagem, biodiversidade, banco genético e regulação térmica — e nunca foram dimensionados na sua relação com o clima. É o objeto que concentra o maior número de funções climáticas da cidade e o que tem menos dado, e a caracterização como corredor de biodiversidade já existe desde 2011. Dimensão «Muito alta».",00:13:50,fundo de vale|corredor de biodiversidade|Mata Atlantica|banco genetico|drenagem|dimensionamento,inexistente,isolada,alta
ENT-020,2.1.5,ACA3,oportunidade,"[participante]: «o dimensionamento do potencial bioclimático dessas áreas de fundos de vale, que são todas áreas públicas — então não precisa desapropriar, é bem comum de uso do povo»","PRIORIDADE DE INVESTIMENTO COM VANTAGEM DECISIVA. O principal ativo climático da cidade já é domínio público: não há custo de desapropriação nem litígio fundiário. Converge com ENT-015, ENT-016, ENT-017-ENT-018 e ENT-019 — seis sessões apontam o fundo de vale como prioridade, e esta acrescenta a razão que o torna o investimento mais viável do conjunto.",00:16:53,fundo de vale|area publica|desapropriacao|potencial bioclimatico|investimento|viabilidade,inexistente,convergente,alta
ENT-020,3.2.3,ACA5,declaracao,"[participante]: «um [estudo] é a medição de temperaturas entre a área de asfalto e a área de sombra de árvores de grande porte na área central (…) tomamos um termômetro laser e medimos a temperatura refletida do asfalto: dá 70º, ou seja, uma pessoa quando caminha recebe 70º no seu rosto. Agora, se você caminha para a sombra a 15 m de distância desse ponto, você tem [muito menos] graus na calçada»","DADO LOCAL DE MICROESCALA, PUBLICADO. Diferença térmica radiante drástica entre pavimento exposto e sombra arbórea, medida a quinze metros de distância na área central. Terceiro estudo local de ilha de calor identificado no corpus (com ENT-006 e ENT-009) — e o que melhor sustenta o argumento econômico da arborização como infraestrutura de saúde pública.",00:18:34,ilha de calor|temperatura radiante|asfalto|sombra|arborizacao|estudo local,em_implementacao,convergente,alta
ENT-020,1.1.6,ACA5,declaracao,"[participante]: «em 1977 um arquiteto urbanista disse: Maringá tem um problema, tem muitos rios. Eu vou desenhar uma cidade que incorpore os rios no seu sistema viário. E ele desenha isto — você não tem outro desenho no Brasil com essas características. Incorpora esse bem ambiental à estrutura de planejamento do município. Mas isso nunca foi entendido claramente, nunca foi incorporado (…) sempre foi renegado»","ACHADO HISTÓRICO. O desenho urbano de Maringá já integra a rede hídrica ao sistema viário desde 1977, de forma singular no país, e essa integração nunca foi assumida como política. Converge com ENT-019 sobre o planejamento regional ambientalmente orientado perdido — a base física para a agenda de adaptação está desenhada na cidade há décadas e nunca foi ativada.",00:18:34,desenho urbano|rios|sistema viario|patrimonio|planejamento|historia,formalizado,convergente,alta
ENT-020,4.2.1,ACA3,percepcao,"[participante]: «temos uma história do famoso rio [apelido pejorativo]. Então o córrego não tem nome, às vezes. Não há essa compreensão do papel que essa área verde tem (…) as pessoas têm problemas, numa cidade jovem, em dizer: eu não posso derrubar essa mata e construir um prédio ali»",ACHADO CULTURAL. O curso d'água urbano é percebido como passivo — muitos sequer têm nome — e a restrição de uso é lida como perda. Converge com ENT-016 («você afasta as pessoas do meio ambiente») e explica por que a proteção do fundo de vale não tem base social apesar de ser o principal ativo climático da cidade.,00:16:53,percepcao|corrego|cultura|area verde|apropriacao|participacao,inexistente,convergente,alta
ENT-020,3.2.1,ACA6,lacuna,"[entrevistador]: «a prefeitura conhece os estudos e as pesquisas em andamento na academia?» / [participante]: «em termos gerais, não. As pessoas conhecem secretários, há esse vínculo de conhecimento, mas [não] todas essas pesquisas»","Quarta confirmação da lacuna de parceria científica (com ENT-006, ENT-012 e ENT-019). O acesso ao conhecimento acadêmico depende de relação pessoal com dirigentes — mesmo padrão de personalização que ENT-003 registra na coordenação horizontal e ENT-015 na titularidade da agenda. Dimensão «Muito alta».",00:22:28,universidade|conhecimento|vinculo pessoal|parceria|lacuna,inexistente,convergente,alta
ENT-020,3.2.1,ACA6,declaracao,"[participante]: «temos duas instituições, uma pública e uma privada (…) os cargos de secretário estão muitas vezes vinculados a essas instituições e isso faz um problema (…) cada um termina puxando para a sua opção (…) cada um vai vender seu peixe e vai querer um contrato com a administração pública. O caminho seria um terceiro interveniente fazer o levantamento e dizer: eu fui lá, pesquisei o que havia lá e aqui, meus resultados são estes»","ACHADO SOBRE A CAUSA DA LACUNA. A competição entre as duas universidades locais, refletida nos cargos comissionados, bloqueia a integração do conhecimento. A solução proposta — um terceiro interveniente que consolide o que existe nas duas — é precisamente o papel que uma consultoria externa pode exercer, e uma recomendação direta ao desenho do plano de ação.",00:22:28,universidades|competicao|cargos|terceiro interveniente|integracao|conhecimento,inexistente,isolada,alta
ENT-020,3.2.1,ACA7,oportunidade,"[participante]: «é convidá-la de forma direta. O melhor convite é direto ao gabinete do reitor, para que ele chame a instituição e ela venha apresentar as propostas»",Caminho institucional proposto para acionar a universidade pública: convite formal do Executivo à reitoria. Converge com ENT-019 (articular direção e pesquisadores simultaneamente) e supera o obstáculo da competição interinstitucional ao dar a iniciativa e o enquadramento ao município.,00:23:56,reitoria|convite|articulacao|universidade|parceria|protocolo,inexistente,complementar,alta
ENT-020,3.2.1,ACA7,oportunidade,"[participante]: «a prefeitura (…) pode, e não precisa criar um instituto: o próprio [instituto de planejamento] pode parametrizar os seus objetos, estabelecer metas e definir produtos. Porque a nossa pesquisa não define produto (…) eu quero produto, tenho metas, prazos, resultados, devolução de dinheiro se não cumpre. O caminho é um edital tipo licitação»","PROPOSTA OPERACIONAL COMPLETA. Edital municipal de pesquisa aplicada com metas, prazos, produtos e cláusula de devolução, operado pelo instituto de planejamento, no modelo das fundações estaduais de amparo. Resolve simultaneamente a lacuna de parceria científica, a competição entre instituições e a ausência de produto — e converge com o papel de «cérebro» que ENT-015 atribui ao mesmo instituto.",00:26:28,edital de pesquisa|produto|metas|instituto de planejamento|parceria|financiamento,inexistente,isolada,alta
ENT-020,1.1.7,ACA6,declaracao,"[participante]: «é um plano de manejo do [parque urbano]: o custo está aqui, você quer? Está aqui, custa tanto, vai fazer. Depois a administração pega, toma, coloca, guarda numa gaveta e não aplica. É o que está ocorrendo hoje»","TERCEIRO PLANO NÃO IMPLEMENTADO. Somado ao plano de resíduos (quinze anos) e ao plano de manejo da arborização (ENT-019), configura padrão sistemático. É o risco mais concreto e mais documentado que pende sobre o plano de adaptação em elaboração — e a razão pela qual a recomendação de monitoramento e de titularidade institucional é decisiva.",00:26:28,plano de manejo|parque|implementacao|plano de gaveta|monitoramento,inexistente,convergente,alta
ENT-020,4.1.4,ACA8,lacuna,"[participante]: «não conheço que exista uma rede nesse sentido (…) temos a [associação regional de municípios], que é uma entidade de caráter regional, mas ela não tem essa pauta. Ela é um ator político, com uma discussão muito mais política. Em algumas áreas pontuais, na área de saúde, você tem um vínculo mais forte, mas na questão de planejamento [não]»","Oitava confirmação da lacuna regional, e segunda a identificar a mesma associação de municípios como estrutura existente sem pauta ambiental (a primeira é ENT-007). O diagnóstico está fechado: a institucionalidade regional existe, funciona em saúde e não foi acionada para clima.",00:27:48,cooperacao regional|associacao de municipios|pauta|saude|planejamento|lacuna,inexistente,convergente,alta
ENT-020,1.1.6,ACA9,oportunidade,"[participante]: «a agenda climática tem um antecedente, que é a agenda ambiental (…) se a agenda ambiental não conseguiu entrar, a agenda climática vai ficar na fila (…) se você fala: a pauta é o meio ambiente ecologicamente equilibrado, e aí eu tenho um vetor, um agente, que é a questão da mudança climática, em que vou tratá-la nesse invólucro maior — você tem facilidade para essa matéria ser tratada»","RECOMENDAÇÃO DE ENQUADRAMENTO. Tratar a agenda climática dentro da agenda ambiental, que tem base constitucional consolidada, em vez de constituí-la como pauta apartada. Reduz resistência política e se apoia em normas já existentes — e converge com a proposta de ENT-005 de inserir a pauta ambiental em instância já consolidada, em vez de criar instância nova.",00:29:24,agenda ambiental|enquadramento|estrategia|pauta|politica ambiental,inexistente,isolada,alta
ENT-020,1.2.2,ACA9,divergencia,"[participante]: «a administração municipal tem toda a capacidade técnica, tem quadros excelentes, todos concursados. Você tem uma massa intelectual, um volume de cérebros com alta capacidade (…) nosso problema é de organicidade. Se cada secretário puxa para si, você terá problema. Quais são as secretarias que vão ser envolvidas? Como esses secretários e os servidores vão ser articulados para que o projeto funcione, junto com a sociedade civil via conselhos? Esse diagnóstico me parece de natureza sociológica»","DIVERGÊNCIA IMPORTANTE. Contra ENT-004, ENT-008 e ENT-019, que descrevem escassez de capacidade técnica, esta sessão afirma que a capacidade existe e o problema é de articulação. As duas leituras convivem se separadas por objeto: falta gente para operar (ENT-008: duas pessoas para 40 projetos) e sobra qualificação dispersa sem coordenação. A recomendação muda conforme a leitura — contratar ou articular —, e a resposta mais provável é ambas.",00:33:16,capacidade tecnica|organicidade|articulacao|coordenacao|divergencia|quadros,em_implementacao,divergente,alta
ENT-020,1.2.1,ACA9,declaracao,"[participante]: «se você caminha para um servidor, ele vai ter um limitador, que é o diretor dele. Mas se esse diretor está engajado na pauta, o secretário deu anuência e o prefeito concordou, teu projeto anda, vai andar maravilhosamente bem»","Descrição do mecanismo real de decisão: o projeto avança quando há alinhamento vertical completo, do servidor ao chefe do Executivo. Converge exatamente com o achado de ENT-003 — a coordenação opera por escalonamento e relação pessoal, não por instância — e com ENT-015, que assume a titularidade da agenda em si mesmo.",00:33:16,decisao|escalonamento|anuencia|coordenacao|personalizacao,em_implementacao,convergente,alta
ENT-020,1.1.8,ACA9,lacuna,"[participante]: «as normas do município de Maringá são soltas, muitas delas, e temos uma política municipal ambiental que não é implementada (…) teu sistema não lida com o que já está posto. A sugestão é: quais normas existem que incidem na questão da mudança climática? Esse levantamento não foi feito»","RECOMENDAÇÃO METODOLÓGICA DIRETA AO PRODUTO. Existe política municipal de meio ambiente não implementada, e nunca se levantou o conjunto de normas municipais que incidem sobre a agenda climática. É a lacuna mais barata de fechar do diagnóstico inteiro — um levantamento normativo — e a que mais reduz o risco de propor o que já está previsto em lei.",00:35:53,normas municipais|politica ambiental|levantamento|implementacao|inventario normativo,inexistente,isolada,alta
ENT-020,1.1.6,ACA9,divergencia,"[participante]: «trabalhei [hoje] uma lei específica e uns critérios que estavam na norma que são conflitantes com o ordenamento nacional, principalmente com as leis federais: a escala municipal brigando com a escala federal»",Registro de conflito entre norma municipal e legislação federal em matéria ambiental. Risco jurídico concreto para instrumentos de compensação e de licenciamento — inclusive os mecanismos de outorga por obra descritos em ENT-015 — e razão adicional para o levantamento normativo proposto.,00:35:53,conflito normativo|lei federal|escala|seguranca juridica|alinhamento,inexistente,isolada,alta
ENT-020,2.4.1,ACA5,declaracao,"[participante]: «o último trabalho publicado (…) foi financiado pelo [sindicato da construção civil] e pela associação comercial, e foi uma lei aprovada em cima de planejamento urbano, com ampliação do perímetro urbano (…) é um trabalho publicado pelos órgãos fortes, sindicato da construção civil, associação comercial, e ele tem uma norma específica já, uma lei»","ACHADO. O setor privado organizado financia estudo urbanístico acadêmico que se converte em lei municipal. Confirma a capacidade de financiamento privado de conhecimento aplicado documentada em ENT-005 e ENT-015 — e mostra que o caminho estudo privado → norma pública já é praticado em Maringá, com resultado. Vale examinar o precedente na Matriz 2.",00:21:00,financiamento privado|estudo|lei|perimetro urbano|setor privado|precedente,efetivo,isolada,alta
ENT-020,3.2.5,ACA5,oportunidade,"[participante]: «chamamos de dispositivos urbanos [os] fundos de vale (…) o pessoal falou: mas isso é um nome diferente agora, gostei — em vez de chamar de fundos de vale, dispositivos urbanos. O trabalho foi justamente esse, mostrando a relevância para o planejamento»","Reenquadramento conceitual bem-sucedido: o fundo de vale deixa de ser restrição e passa a ser infraestrutura urbana. Converge com a proposta de enquadramento da agenda climática dentro da ambiental — em ambos os casos, a mudança de nome muda a recepção. Detalhe operacional útil à redação do plano de ação.",00:18:34,fundo de vale|dispositivo urbano|enquadramento|planejamento|comunicacao,em_elaboracao,complementar,media
ENT-020,1.1.5,ACA1,declaracao,"[participante]: «o corriqueiro do dia a dia são os ventos, essas rajadas que hoje estamos enfrentando, que terminam derrubando árvores (…) na medida em que o tempo passa, as árvores são cada vez mais velhas, mais altas e com podas irregulares, o que vai fazendo com que a coisa termine caindo, tendo problema de corte de energia e acidentes com veículos»","Nona e última confirmação do corpus sobre o par vento–arborização, com os três agravantes acumulados: idade, porte e poda irregular. A poda irregular liga este achado à fila de espera relatada em ENT-007 e ao prazo de oito meses de ENT-016 — o déficit de capacidade administrativa produz, por essa via, o próprio dano.",00:04:56,vento|arborizacao|poda irregular|idade|energia|acidente,em_implementacao,convergente,alta
